噶哈巫語,華語,模型翻譯
atun ohoni medeken yaku a tatoko.,「Atun 現在在撿我的拐杖。」,atun ohoni medeken yaku a tatoko.
kaidini nahaza udan.,「這裡有雨。」,kaidini nahaza udan.
ohoni ini mudan.,「現在沒下雨。」,ohoni ini mudan.
mituku lia.,「坐了。」,mituku lia.
kaidini nahaza aitukuan.,「在這裡有椅子。」,kaidini nahaza a aso.
ita ka tatawan a saw.,「咱們是台灣人。」,ita ka tatawan a saw.
yaku meken dadas lia.,「我吃番薯了。」,yaku meken dadas lia.
zuzut’i saaken iu sumay na.,「請裝菜、裝飯！」,paket’en muraabak’i kiaku!
mikita babizu muuput lia.,「看完書了。」,muduruk liak ana lia.
yaku muuput a siisinaw siatu lia.,「我洗完衣服了。」,yaku mudawan a siatu a paka lia.
alo meken sumay!,「來吃飯！」,alo meken sumay!
alo mudok taating a inusat!,「來喝一點酒！」,alo maimais kasi mutu a inu!
yaku ini musinaw kaaw.,「我沒洗腳。」,yaku ini musinaw mededen.
imisiw talima pakamuaping.,「他自己弄破。」,imisiw a ahanazipita.
pakaasikit liaki yaku a kaaw.,「讓我的腳痛了。」,paka azaw naki e selem lia.
paka nita umu maziah.,「讓咱們的粿熟。」,paka painek’en nami taam.
paka isiw paluzuakzuak’i nahaza ali akhéhén.,「讓你多子多孫有孫、小孩」,"paka isiw paluzuakzuak’i kaidaw a akhéhén a akhéhéndéhén a hénén, wazaw."
paka isiw mahabay taating,「給你較好。」,haaput saisay yaku.
paka bauzak meken.,「讓豬吃。」,pak’ina bauzak meken.
aba mututing akhéhén.,「爸爸打小孩。」,aba mututing akhéhén.
tuting’en naki liaki wazu.,「狗被我打了。」,tuting’en naki liaki wazu.
imini a dadas ka yaku a dadas.,「這番薯是我的番薯。」,imini a dadas ka yaku a dadas.
imini ka kaidi kalikus maa mupuza.,「這在大湳拿來。」,imini ka kaidi balawan maxuzu.
azem haka kaidi xasep adang ilas iu xasep isit a daali haki yami kaxabu a azem.,「我們噶哈巫的過年是在十一月十五日。」,yami kaxabu a pasakat tadin ana.
pakahalupat’ina!,「請長一點！」,pasinaw’ina!
pakamaziah’i!,「使熟！」,pak
seket’i taating hann!,「休息一下下！」,seket’i taating!
isiw a pai suzuk’i!,「你的錢藏起來！」,isiw a pai saanu tebeleveni!
imini ka yaku a ina.,「這是我的母親。」,imini ka yaku a ina.
imisiw ka yaku a aba.,「那是我的父親。」,imisiw ka yaku a aba.
nisiw a pai haaput mubaxa ima?,「你的錢要給誰？」,isimw ka paiu saisay?
isiw ka mudok axay?,「你在喝什麼？」,isiw ka mutuku dauzak?
imisiw ka kaidi taantaw siisinaw siatu.,「他在水溝洗衣服。」,imisiw ka kaidi tangaww’en sumay singan.
imisiw ka kaidi humak meken sumay lia.,「他在家裡吃飯了。」,imisiw ka kaidi humak meken sumay lia.
"yami a aba, ina, apuapu kaidini malaleng.",「我們的父親、母親、曾祖父母在這裡居住。」,"yami a aba, ina, apuyu, ivelexen kaidini malalima."
"yaku ka kaidini mituku, imu ka kaidisiw maahadas.",「我在這裡坐，他們在那裡玩。」,"yaku kaidini midem, iaws kaidisiw muzakay."
yaku talima kaidi humak eezaw.,「我自己在家而已。」,yaku talima kaidi umu eezaw.
"dahu a paipai kaidi daan, hazian a saanu muzakay.",「在路上很多車，很不好走。」,kaidi malalad a aatu mazuku.
imini a wazu ka saanu imisiw mututing.,「這狗被他打。」,imini a wazu ka saanu imisiw mututing.
inusat saanu saw mabusuk.,「酒讓人醉。」,mudut liang a saw haki isu liaki anatu.
yaku maa pai saanu isiw.,「我拿錢給你。」,yaku mupu saanu isiw daatuku.
yaku saanu tatoko mututing wazu.,「我用拐杖打狗。」,yaku saanu utupun mukusa wazu.
paka isiw paluzuakzuak’i nahaza ali akhéhén.,「讓你多子多孫有孫、小孩！」,pasaken nitiw azawzaw maanu a akhéhén!
yaku maki isiw kaidini palizak.,「我跟你在這裡曬太陽。」,yaku maki isiw kaidini tabu matahin.
yaku maki mama mukusa binayu.,「我和哥哥去山上。」,yaku iu mama mukusa binayu.
yaku iu mama mukusa binayu.,「我和哥哥去山上。」,yaku iu mama mukusa binayu.
yaku nahaza mama iu iah.,「我有哥哥和姊姊。」,yaku nahaza mama iu iah.
muzakay iu maxidaxang haka asikit a punu lia.,「走路和流汗就頭痛了。」,sazukuan iu tahasima haaput udan lia.
alo maki yami meken!,「來跟我們吃！」,alo maki yami meken!
nang a maki isiw mukawas.,「不要跟你講話。」,ini mukusa imu pexita.
imini a ahan ka mades ini mukawat.,「這話很久沒說。」,imini a a hann mamudet maahat lia taumaisum.
"imisiw a akhéhén mamais, ukut muaping lia.",「那個女孩，褲子破掉了。」,"imisiw a akhéhén, a wazu makasip lia."
"kaidini a aitukuan, aa’en akhéhén lia.",「在這裡的椅子，被小孩拿走了。」,"kaidini a aaitele, maa’en akhéhén lia."
kaidini nahaza adade a lubahing a tulala.,「在這裡有一朵花。」,kaidini nahaza adade a beleben.
kaidisiw a balan muzakay.,「在那裡的貓在走路。」,kaidisiw a balan madiak liaki.
imu ka kaidisiw mudok tamaku.,「他們在那裡抽菸。」,imisiw ka kaidisiw mudok tamaku.
ana monosu!,「別那樣！」,ana isiw!
"ohoni a saw, dahu a hazian a saw haé.",「現在的人，很多壞人呀！」,"ohoni a saw, adali dahazak a saw lia!"
ohoza a saw haaput mukusa binayu.,「以前的人喜歡去山上。」,ohoza a saw tangit muasik mukusa binayu.
mikita azang a titay.,「看到一隻老鼠。」,kaidi saania titay.
kaidini nahaza adade a lubahing a tulala.,「在這裡有一朵花。」,kaidini nahaza a isib.
yami a humak daadalum tuu a bauzak.,「我們家養三隻豬。」,yami a bahut tuu ka aukus.
yami dusa ka hakezeng a saw.,「我們兩個是老人。」,yami dusa ka hakezeng a saw.
ita tuu ka tatawan a saw.,「咱們三個是臺灣人。」,ita dahu ka tatawan a saw.
alia haaput midem lia.,「差不多要睡了。」,alia haapu midem lia.
alia lia.,「差不多了。」,alia lia.
"apu ka ini tahayak, mituku eezaw.",「阿公不累，坐著而已。」,apu ka ini tekesek liaka mituku eti a saanu.
imini eezaw lia.,「這樣而已了。」,imini daé nisi lia.
adade eezaw.,「一個而已。」,saama eezaw.
imini a kazo tuxubut azawzaw.,「這桃子非常甜。」,imini a dukun maa haaput lia.
ana maahan azawzaw hann.,「別亂騙人。」,ana musinaw saaw.
atun ohoni medeken yaku a tatoko.,「Atun 現在在撿我的拐杖。」,atun ohoni medeken yaku a tatoko.
imini ka uzay yaku a beleben.,「這不是我的香蕉。」,imini ka uzay yaku a beleben.
yaku ini meken sumay.,「我沒有吃飯。」,yaku ini meken sumay.
ana mukusa!,「別去！」,ana mukusa!
yaku mayaw meken.,「我還沒吃。」,yaku mayaw meken.
kuang a udan lia.,「沒有雨了。」,kuang a udann lia.
yaku a aba ka nang a musinaw yaku a siatu.,「我的爸爸不要洗我的衣服。」,yaku a aba ka ini musinaw yaku a siatu.
akhéhén mamek axaxay.,「小孩什麼都不懂。」,a akéhén dawan xexén a iu méeseng.
yaku ka mineken lia.,「我吃完了。」,yaku meken selesai lia.
yaku a suazi mudawan ka maida.,「我的弟弟洗澡很快。」,yaku a suazi mudawan iezaw.
yaku ka kaxabu a saw.,「我是噶哈巫人。」,yaku ka kaxabu a saw.
yaku ka meken sumay.,「我在吃飯。」,yaku ka meken sumay.
imini ka uzay yaku a beleben.,「這不是我的香蕉。」,imini ka uzay yaku a beleben.
yaku a aba ka maida a muzakay.,「我的爸爸走路很快。」,yaku a aba madiak a taumak.
yaku a apu madiak a muzakay.,「我的祖父走路很慢。」,yaku a apu madiak a muzak.
yaku nahaza mama iu iah.,「我有哥哥和姊姊。」,yaku nahaza mama iu iah.
muzakay iu maxidaxang haka asikit a punu lia.,「走路和流汗就頭痛了。」,"mazala liaki musinaw, a saanu ta mukuyak lia."
isiw ka haaput meken dadas iu dukun?,「你是要吃番薯還是芋頭？」,isiw ka haaput meken dadas iu dukun?
"yaku haaput mukusa binayu iak, iu ana mukusa iak?",「我要去好，還是不要去好？」,maahéźen iuśina mukusa haki maaxuźuku haki
"ohoni mudan liaka yaku nang a mukusa mikita umama, iu nang a mukusa maahadas.",「現在下雨了，我不想去看田，也不想去玩。」,"ohoni mudan lia, yaku ini maumus mukusa mikita umma, iu ini maumus mukusa."
"imini a saw dahu a pai, kulaka ini mahabay a hinis.",「這個人很有錢，但是不快樂。」,"imini a saw haaput pai, ukun e siang a lenaw."
"ohoni liaka nahaza dalum kula, kuang a alaw lia.",「現在雖然有水，但沒有魚了。」,"ohoni nahaza dalumuk a hanu, aukkanu izu."
anani!,「唉唷！」,aniseu!
anani kuadeng!,「唉唷喂呀！」,aloaho maxanu!
alasay!,「好險！」,haayita!
"masu wazu mukusa binayu mungazip bauzak, ilis haki niam a apuapu.",「我們的祖先會帶狗去山上咬豬、羊。」,yami a apu anu muzakap ka kausak eezumen muupit mamasa makaham maa.
mungazip yaku haki wazu.,「狗咬我。」,mungazip yaku haki wazu.
mataw a mulaliw liaka mauit liaki humak.,「大地震（發生後），房子就倒了。」,balan mudal a wusa sinat boi taisiak lia.
mupayak liaki yaku a siatu.,「我的衣服濕了。」,yaku a siatu liaki.
muasak liaki laladan.,「桌子壞掉了。」,binayu a balanak lia.
mututing yaku haki atun.,「Atun 打我。」,mututing yaku haki atun.
tuting’en ni aba lia.,「被爸爸打了。」,tuting’en ni aba lia.
yami a eten nahaza tuu a atun.,「我們的村莊有三個 Atun。」,sami a puituku kaidi mikit atun.
yami sianglukus malaleng kaidi abaxan.,「我們守城（的人）住在北邊。」,kini siuusina mekesiah a daax kaahin.
"baisia a eten, kaidi ahut.",「牛眠庄在西邊。」,mung mundong kaidi akuisi.
yami ka kaidi daya mupuza.,「我從比較高的、東邊來的。」,yaku mupu maxat a taxan mupu’d ka mausay lia.
yaku haaput mukusa masulohong maahadas.,「我想去中國玩。」,yaku haaput mukusa china nang a tatay.
isiw ka yaku a dakan.,「你在我的前面。」,isiw ka yaku a aitima.
isiw ka yaku a aubin.,「你在我的後面。」,isiw ka yaku a ahan.
"kaidi laladan a babaw, nahaza beleben.",「在桌上，有香蕉。」,"kaidi lala kawas, nahaza beleben."
kalikut ka kaidi amihan.,「大湳在南邊。」,binayungan kaidi daya.
taumin ka daya taating.,「蜈蚣崙東邊一些。」,masiw lian pasat.
dadas kaidi umama.,「番薯在田裡。」,dadas kaidi umama.
yaku maki mama mukusa binayu.,「我跟哥哥去山上。」,yaku maki mama mukusa binayu.
imisiw ka kaidi humak meken sumay lia.,「他在家裡吃飯了。」,imisiw ka kaidi humak meken sumay lia.
imisiw ka kaidi taantaw siisinaw siatu.,「他在水溝洗衣服。」,imisiw ka kaidi takatak sensi bluus.
sasunan ka atun mukusa umama.,「早上阿敦有去田裡。」,zahian ah aton mausay mukusa au.
ahuan ka dahu a saw haaput mudawan.,「晚上很多人要洗澡。」,haisu mahu a saw haaput mudawan.
"ohoza ka kuang a saanu mukukusa, paxuma mulasi eezaw.",「以前沒有什麼工作，種稻子而已。」,"ohoza ini alaa mukugakit, maakun mukudaw a."
atun ohoni medeken yaku a tatoko.,「Atun 現在在撿我的拐杖。」,atun ohoni medeken yaku a tatoko.
kaidi meseket a daali mukusa ahong maa alaw.,「在休息的日子去溪裡抓魚。」,kaidi madiak a daasali mukusaun saciki maakau a bizum.
pasaken daalian liaka mupuza humak meken sumay lia.,「到中午之後回家吃飯了。」,"hapa tuku nasimin mukusa malalau, ana haapu sume hezisen maatabu iang."
"imini dusa ka maxupapa muula, aubin liaka maatebetebe lia.",「這兩個先互罵，後來互捶。」,"imini dusa takut’en’en, paka laluan takut’en’en."
imini a dadas ka yaku a dadas.,「這番薯是我的番薯。」,imini a dadas ka yaku a dadas.
imisiw a saw tangiti lia.,「那個人生氣了。」,imisiw a saw tangiti lia.
mainu a iing ka haaput midem.,「腰痠就要睡覺。」,mainu iu haaput midem.
mamuduk a kaaw lia. nang a muzakay lia.,「腳很腫了，不要走路了。」,matausak haki taating lia.
dahu a paipai kaidi daan.,「很多車在路上。」,daho a wazu kaidi paxuku.
mausay maa taating a dalum.,「去拿一些水。」,usa kaidi alu’iud.
yaku ka nahaza tuu a bauzak.,「我有三隻豬。」,yaku nahaza pating tuu.
imini ka yaku a siatu.,「這是我的衣服。」,imini ka yaku a siatu.
imini ka imisiw a beleben.,「這是他的香蕉。」,imini ka imisiw a beleben.
ita ka tatawan a saw.,「咱們是台灣人。」,ita ka tatawan a saw.
binayu nahaza binayu a bauzak.,「山上有山豬。」,binayu nahaza binayu a bauzak.
paxuma dalum a ali eezaw lia.,「（現在只有）種水筍而已了。」,seket a daun iu iu moko.
"kaidi laladan a babaw, nahaza beleben.",「在桌上，有香蕉。」,kaidi laladan a baba.
ohoza saanu muzakay a daan tatiting eezaw.,「以前道路，小小的而已。」,ohoza tana kabaw liaka inak itezá.
"kaidini a aitukuan, aa’en akhéhén lia.",「在這裡的椅子，被小孩拿走了。」,"kaidini a asitiw a mama, danu a akhéhén lalian."
kaidisiw a balan muzakay.,「在那裡的貓在走。」,kaidisiw a balan madian.
yami dusa ka hakezeng a saw.,「我們兩個是老人。」,yami dusa ka hakezeng a saw.
ita tuu ka tatawan a saw.,「咱們三人是臺灣人。」,ita pia nu ka tatawan a saw.
imu dusa mikita iak liaka iak lia.,「你們兩個如果看好就好了。」,isiw dusa mikita eezo iian.
mudan a daali ka yaku nang a mukusa maahadas.,「下雨的時候我不要去玩。」,mudan a kaumin mukusa a mukusa pai mukuih taumaa.
kaidi meseket a daali mukusa axung maa alaw.,「在休息的日子去溪裡抓魚。」,kaidi midem a dini mukusa taanan apu maxuket fiiw.
mubaza matoway a saw mutahan dahu a pai haé.,「會唱歌的人賺很多錢呢。」,ohoni muskita suzuki a saw haka a pai takah ima.
imini ka miadua a saw a beleben.,「這是那邊的人的香蕉。」,imini ka kaidi a saw a beleben.
imisiw a akhéhan a siatu mupayak lia.,「那個小孩的衣服濕了。」,imisiw a akhéhat a siatu mima lia.
yaku haaput maa taating a selem mausay yaku a batan a humak.,「我要拿一點豬肉去我朋友家。」,yaku haaput kiw tait a tilung a selemek mukusa yaku a bapake binayu.
kaidini nahaza adade a lubahing a tulala.,「這裡有一朵紅花。」,kaidini nahaza saaden a lalum swi.
"uzay pato ohoni dahu a mataw a dalum, kuang a alaw saanu mukumuk.",「不像現在很多大的水，沒有魚可以抓。」,"ini imisiw kaidi dahu a hinisian a wadu a aian, iu iu a baba maa mézikéhén."
musamian dahu a binayu a apuapu iu kaidi axung a apuapu.,「拜很多山上的祖先以及溪裡的祖先。」,musakaw eten sawan iu a apuapu a tahezeng a apuapu.
imini a akhéhén mamais iak a hinis.,「這女孩心地很好。」,imini a inak a khutuk haki say.
yaku dahu a suazi mamais.,「我很多妹妹。」,yaku dahu a saisai.
baba atun mukusa binayu mukukusa.,「Atun 伯伯去山上工作。」,atun papa mukusa binayu humak.
tata sabong ka mukusa mataw a axung maa alaw.,「Sabong 阿姨去大溪抓魚。」,sabong a mayu mukusa takuas selevél.
dahu a angat sabong.,「很多 Sabong 的名字。」,dahu a sabong a agalang.
dahu a sabong a langat.,「很多 Sabong 的名字。」,dahu a sabong a ngazeng.
imini ka yaku mubaiw a beleben.,「這是我買的香蕉。」,imini ka yaku maimais liaki a beleben.
imisiw ka yaku a apu paxuma a kixiw.,「那是我祖母種的苧麻。」,imisiw ka yaku a apakezaw a siw bys.
ita ka tatawan a saw.,「我們是台灣人。」,ita ka tatawan a saw.
yami dusa ka hakezeng a saw.,「我們兩個是老人。」,yami dusa ka hakezeng a saw.
imisiw ka yaku a ina.,「她是我的母親。」,imisiw ka yaku a ina.
imisiw ka yaku a aba.,「他是我的父親。」,imisiw ka yaku a aba.
imisiw ka yaku a aba.,「那是我的爸爸。／他是我的爸爸。」,imisiw ka yaku a aba.
imini ka yaku a batan.,「這是我的朋友。／他是我的朋友。」,imini ka yaku a batan.
imu ka kaidisiw mudok tamaku.,「他們在那裡抽菸。」,imisiw ka kaidisiw mudok tamaku.
"yaku ka kaidini mutuku, imu ka kaidisiw maahadas.",「我在這裡玩，他們在那裡玩。」,"yaku ka kaidini pialu, imu ka kaidisiw aana pialu."
imu ka utakay a saw.,「他們是客家人。」,imu ka kaidikoh a saw.
imu dusa mupuza yami a humak.,「你們兩個人來到我們的家。」,imu dusa mupuza yami a humak.
imisiw ka mupuza kaidini maahadas.,「他（們）來這邊玩。」,imisiw ka mupuza kaidini maahadas.
imisiw ka mausay humak lia.,「他（們）要回家了。」,imisiw ka mausay humak lia.
yaku saisiman isiw.,「我疼你。」,yaku asikit isiw.
isiw saisiman yaku.,「你疼我。」,isiw saisiman yaku.
yaku ka mamaneng a saw.,「我是男人。」,yaku ka utuku a isiw.
isiw ka mausay tshay?,「你要去哪裡？」,isiw ka mausay tshay?
imisiw adade mukusa mataw eten.,「他自己去街上。」,imisiw ka talima mausay binayu.
ita ka tatawan a saw.,「咱們是台灣人。」,ita ka tatawan a saw.
yami dusa ka hakezeng a saw.,「我們兩個是老人。」,yami dusa ka hakezeng a saw.
imu dusa mupuza yami a humak.,「你們兩個人來到我們的家。」,imu dusa mupuza yami a humak.
imu ka utakay a saw.,「他們是客家人。」,imu ka utakay a saw.
mahabay ki yaku.,「我很舒服。」,mahabay ki yaku.
nang a musapoh daxe haki yaku.,「我不要掃地板。」,hakamut um liaka saanu.
iak a lama ki isiw.,「你真好命。」,iázak a takatu pai.
kuang a pai saanu medepex haki yami.,「我們沒有錢可以讀書。」,yami kuut saanu mataxu matadin.
iak a saanu mitun haki ita.,「咱們該起來了！」,pazakay binayu imu!
paka yaku matahatan haki imu.,「你們讓我很快樂。」,paka yaku madiak haki it.
saw haaput mahatan yaku.,「人愛笑我。」,saw haaput’i haki yaku.
yaku haaput isiw.,「我愛你。」,sikaw azo yaku.
pakatangiti ita haki taumala.,「政府讓咱們生氣。」,pakatene nang a hakiitu takam.
nita a takat mupuza kiikita yami.,「我們的老師來看我們。」,nita a takat mupuza nitanita.
mungazip yaku haki wazu.,「狗咬我。」,mungazip yaku haki wazu.
mututing yaku haki atun.,「Atun 打我。」,mututing yaku haki atun.
sinaw’en naki lia.,「被我洗了。」,sinaw’en naki eezak lia.
salaman maa’en naki lia.,「碗被我拿了。」,salaman maa’en naki lia.
isiw a mizazuk a dalum dok’en yaku lia.,「你的水被我喝了。」,isiw a diniw mahabay yaku iean.
muaxay ki nisiw a akhéhén mangit hann?,「為什麼你的小孩在哭？」,muaxay ki a iu ka nahaza akézaw?
tuting’en yaku hann.,「被我打了。」,tuting’en naki lia.
imini a wazu ka saanu imisiw mututing.,「這隻狗被他打。」,imini a wazu ka saanu imisiw mututing.
nisiw a dalum saana yaku mudok lia.,「你的水被我喝了。」,isiw a dalum kulaka yaku mudok lia.
imini a saw ka musakaw naki a pai.,「這個人偷我的錢。」,imini a saw haki yaku a pai.
imini ka nisiw a tatoko.,「這是你的拐杖。」,imini ka nisiw a tatoko.
imini ka nita a beleben.,「這是我們的香蕉。」,imini ka yami a beleben.
niam a takat mututing atun lia.,「我們的老師打 Atun 了。」,niam a takat mututing atun lia.
imini ka nimu a beleben say?,「這是你們的香蕉嗎？」,imini ka nimu a beleben say?
imini a saw ka musakaw naki a pai.,「這個人偷我的錢。」,imini a saw mahatux naki a pai.
imini ka naki a siatu.,「這是我的衣服。」,imini ka yaku a siatu.
imini ka yaku a siatu.,「這是我的衣服。」,imini ka yaku a siatu.
mupuza siw say?,「你來了嗎？」,isiw ka saisitu marenex?
yaku mausay nisiw a humak.,「我要去你那裡。」（我要去你家）,yaku mausikusa isiw mubai.
isiw mupuza yaku a humak.,「你來我這裡。」（你來我的家）,isiw azian yaku a humakx.
yaku a aba mututing yaku.,「我的爸爸打我。」,yaku a aba mututing yaku.
imini ka isiw a beleben say?,「這是你的香蕉嗎？」,imini ka isiw a beleben say?
imini ka imisiw a wazu.,「這是他的狗。」,imini ka imasikit a wazu.
imini ka yami a beleben.,「這是我們的香蕉。」,imini ka yami a beleben.
imini a dukun ka yaku a dukun.,「這芋頭是我的芋頭。」,imini a dukun ka yaku a dukun.
imini ka dukun.,「這是芋頭。」,imini ka dukun.
imini ka yaku a siatu.,「這是我的衣服。」,imini ka yaku a siatu.
imisiw ka dadas.,「那是番薯。」,imisiw ka dadas.
imisiw ka yaku a wazu.,「那是我的狗。」,imisiw ka yaku a wazu.
imini a akhéhén ka alia makuala lia.,「這個小孩快跌倒了。」,imini a akhéhén ka muzakay lia.
imisiw a saw tangiti lia.,「那個人生氣了。」,imisiw a saw tangiti lia.
imisia a akhéhén mamais ka nang a talima malaleng.,「那個女孩不想自己住。」,imisiw a ina ka nang a talima lalawa.
usa sinaw’ina!,「請去洗！」,usa sinaw’ina!
pakamaziah’i!,「讓（它）熟！」,pakamataw’ina!
yaku ini meken dadas.,「我沒吃番薯。」,yaku ini meken dadas.
yaku ini mahabay.,「我不舒服。」,ini mahabay kiaku.
ana mukusa!,「別去！」,ana mukusa!
ana mahuik!,「別那麼懶惰！」,ana umama kuaput!
pakahalipit’ina!,「請薄一點！」,pakahazi’ina!
yaku kalamik’en lia.,「我受寒了。」,seket’en naki yaku.
pazakay’ina!,「請讓（他）走！」,pakita’ina!
yaku a pai deken’en naki a baba lia.,「我的錢被我的伯父撿到了。」,yaku a pai deken’en naki a baba lia.
maakuat azawzaw lia.,「隨便亂講了。」,paxaxan liaki mukawas lia.
yaku maakux azawzaw.,「我非常熱。」,yaku maakux azawzaw.
mudan lia.,「下雨了。」,mudan lia.
kaidisiw a balan muzakay.,「在那裡的貓走。」,kaidisiw a balan mizikzik.
yaku mudawan muuput lia.,「我洗澡洗好了。」,yaku mudawan muuput lia.
yaku a apu kaidi angasat midem.,「我的祖母在床上睡覺。」,yaku a apu kaidi angasat midem.
imu ka kaidisiw mudok tamaku.,「他們在那裡抽菸。」,imu ka kaidisiw mudok tamaku.
balan mukumuk titay.,「貓抓老鼠。」,balan mukumuk titay.
imisiw ka mututing wazu.,「他打狗。」,imisiw ka mututing wazu.
yaku mubaxa isiw pai.,「我給你錢。」,yaku mubai isiw pai.
yaku meken lia.,「我吃了。」,yaku meken lia.
yaku meken dadas lia.,「我吃番薯了。」,yaku meken dadas lia.
pakamataw’ina!,「請讓（它）大一點！」,pakahalupaput’ina!
pakahalupat’ina!,「請讓（它）長一點！」,pakahalupat’ina!
pakalalima’ina!,「請讓（它）便宜一點！」,pazakay’ina!
yaku ka ini makuit.,「我沒有瘦。」,yaku ini siw.
kahuy ka ini halupat.,「樹不長。」,ahinaw asuun.
ini asikit sasay’en a mutapik imini?,「沒有痛怎麼貼這個？」,ini taitisinu’in mukubat alia?
isiw mausay humak ana maida!,「你回家別那麼快！」,isiw pahali’i nang ka iu haki takayan.
pakahatiken’ina! ana halupas!,「請短一點！別那麼長！」,pakahalin! ana idahat!
ana baget isiw hann!,「你別那麼胖哦！」,isiw a iak taumalam exéh!
mainu azawzaw.,「非常酸。」,hasa azawzaw.
halupat azawzaw.,「非常長。」,halupat.
"yaku a kaaw asikit azawzaw, nang a muzakay lia.",「我的腳非常痛，不能走。」,"yaku a nahazak mahuza azawzaw lia, nang a muzakay."
tapulu madiak yami a kaxabu.,「漢人討厭我們噶哈巫。」,paxima yamubu naxatana kaxabu a saw.
imini ka muula maisat imisiw.,「他先罵他。」,imini ka utuk mumaak haki imisiw.
isiw haaput tulala bo?,「你想要花嗎？」,isiw haaput tulax say?
yaku kalamik’en lia.,「我受寒了。」,maudan liaki yaku.
yaku ohoni kamaakux’en lia.,「我今天熱到了。」,yaku ini uzawzaw pai.
imini a saw kabusukan lia.,「這個人酒醉了」,imini a saw haw ka alingit lia.
mituku lia.,「坐了。」,mituku lia.
usa midem!,「去睡！」,usa midem!
idem’ina!,「請睡！」,idem’ina!
mukusa binayu madu tilikas.,「去山上放陷阱。」,usa kaki ausan pumaa mubuau.
isiw a pai adu’i iak hann.,「你的錢放好哦！」,pakep’i ki a pai todolo na!
ohoni ini mudan.,「今天沒下雨。」,ohoni ini mudan.
ohoni ka kuang a udan.,「今天沒有雨。」,ohoni ini mudan.
mungazip yaku haki wazu.,「狗咬我。」,mungazip yaku haki wazu.
mututing yaku haki atun.,「Atun 打我。」,mututing yaku haki atun.
yaku mudok isiw a mizazuk a dalum.,「我喝你的水。」,yaku ina isiw a dalum.
yaku mukusa musapoh daan.,「我去掃馬路。」,yaku mukusa humak liadas.
titay ngazip’en ni balan lia.,「老鼠被貓咬了。」,titay ngazip’en ni balan lia.
yaku a balax ka sakaw’en saw lia.,「我的工具被人偷了。」,yaku a balax ka sakaw’en saw lia.
salaman maa’en naki lia.,「碗被我拿走了。」,salaman maa’en naki lia.
yaku a aitukuan doko’en saw lia.,「我的椅子被人抬走了。」,yaku a aitukuan dali’en saw lia.
binayu a bauzak kumuk’en naki a aba lia.,「山豬被我父親抓到了。」,kaidi balan mamubu’en naki a aba.
tuting’en ni aba lia.,「被父親打了。」,tuting’en ni aba lia.
tuting’en saw lia.,「被人打了。」,tuting’en saw lia.
sinaw’en naki lia.,「被我洗了。」,sinaw’en naki lia.
doko’en saw lia.,「被人舉走了。」,salaman maa’en haki yaku lia.
mudok’en saw lia.,「被人喝了。」,tuting’en saw lia.
maa’en liaki salaman.,「碗被（我）拿走了。」,salaman maa’en ita haki lia.
ngazip’en lia.,「被咬了。」,miak’en lia.
sakaw’en lia.,「被偷了。」,kabusaken lia.
imini a wazu saanu imisiw mututing.,「這隻狗被他打。」,imini a wazu ka saanu imisiw mututing.
yaku saana hazian a saw maahan lia.,「我被壞人騙了。」,yaku saana hazian a saw tatau lia.
nisiw a saabazu aitanana!,「你的肥皂請給我！」,isiw a sikilat haka yaku!
muasak liaki aitukuan.,「椅子壞掉了。」,maitem a azitia lia.
imini ka saanu siisinaw buxu.,「這用來洗身體。」,imini ka saanu asikit tëfës.
yaku nahaza tuu a saanu biibizu.,「我有三枝用來寫的。」,yaku nahaza mikit mupuza maahadah.
isiw ka nahaza saanu mutapok a ahan a lalawa bo?,「你有用來摀嘴的布（口罩）嗎？」,isiw ka nahaza saanu pumaa’a lalatu a siatu?
aba mututing akhéhén.,「父親打小孩。」,aba mututing akhéhén.
yaku a pai deken’en naki a baba lia.,「我的錢被我的伯父撿到。」,yaku a pai deken’en naki a baba lia.
maudanay lia.,「要下雨了。」,haaput mudan lia.
mudan lia.,「下雨了。」,mudan lia.
pasakenay lia.,「將要到了。」,pasakenay lia.
pasaken lia.,「到了。」,zukut lia.
alia mudan lia.,「要下雨了。」,haaput mudan lia.
imini a akhéhan ka alia makuala lia.,「這個小孩要跌倒了。」,imini a akhéhan tangaw mupuasak.
alia maziah lia.,「要熟了。」,alia mata’en.
alia makait lia.,「要乾了。」,seblay lia.
alia lia.,「差不多了。」,alia lia.
alia mausay lia.,「（我）差不多要去了。」,meseken daééki lia.
alia pasakenay lia.,「差不多要到了。」,alia mupuza lia.
alia haaput midem lia.,「（我）差不多要睡了。」,alia haaput midem lia.
"kaidi tshay a teehen a uung lia, alia haaput mudan lia.",「在某處雲很黑了，差不多要下雨了。」,"kaidi tshay bina matawak lia, haidupui midem lia."
mainu a iing ka haaput midem.,「腰痠就要休息。」,mainu hakeela e madiak ieziten.
saw haaput mahatan yaku.,「人愛笑我。」,misam a musinat yaku.
yaku haaput isiw.,「我愛你。」,yaku haaput isiw.
haaput mudan lia.,「要下雨了。」,haaput mudan lia.
haaput mupuza lia.,「要來了。」,haaputusa.
haaput mudawan.,「要洗澡。」,haaput mudawan.
haaput mudan lia.,「要下雨了。」,haaput mudan lia.
yaku a aba mayaw meneken.,「我的父親還沒吃完。」,yaku a aba mayaw meken.
yaku meken dadas lia.,「我吃番薯了。」,yaku meken dadas lia.
niam a takat mututing atun lia.,「我們的老師打 Atun 了。」,nita a takat mututing atun lia.
tuting’en nisiw a aba lia.,「被你父親打了。」,tuting’en naki aba lia.
yaku a balax ka sakaw’en saw lia.,「我的工具被人偷了。」,yaku a balax ka sakaw’en saw lia.
yaku a aba meneken lia.,「我的父親吃完了。」,yaku a aba meneken lia.
meneken liaki yaku.,「我吃完了。」,yaku meken selem lia.
yaku haaput midem lia.,「我想要睡了。」,yaku haaput midem lia.
yaku mausay humak lia.,「我要回家了。」,yaku mausayu humak lia.
mudan lia.,「下雨了。」,mudan lia.
mabusuk lia.,「醉了。」,mabusuk lia.
tia lia.,「走了。」,sia lia.
mudawan muuput lia.,「（我）洗完澡了。」,mudawan liaki.
muuput a mudawan lia.,「（我）洗完澡了。」,mudawan muuput lia.
yaku a aba mukukusa iak lia.,「我的父親工作好了。」,yaku a aba maa’en kia lia.
musinaw iak liaka mausay palizak a lizak lia.,「洗好然後要去曬太陽了。」,imini siwak aliak eki hapoko axung’ikum.
mudawan iak lia iu mayaw?,「洗好了還是還沒？」,sinaw lia a.
yaku a apu mudawan iak lia.,「我的祖父洗澡洗好了。」,yaku a apu mudawan iak lia.
yaku kiikita babizu.,「我正在看書。」,yaku mayaw mubasa.
yaku haaput mikita isiw.,「我想要看你。」,yaku haaput mikita isiw.
yaku deedepex.,「我在讀書。」,yaku padecem mituku.
yaku a aba masu yaku mukusa medepex.,「我的爸爸帶我去讀書。」,yaku a aba ka alia duku mikita.
yaku a ina taatalek a saaken.,「我的母親正在煮菜。」,yaku a ina ka kahazip a basaken sumay.
yaku mausay mutalek a sumay.,「我要去煮飯。」,yaku mausay mukusa tatelen.
kaidisiw tuutuun hapuy haka yaku a suazi mamais.,「在那邊正在起火的人就是我的妹妹。」,kaidisiw tahayu mupu’una isiw a saw ma tausay yaku a baba.
isiw a apu ka duila tshay?,「你的祖父去哪裡？」,isiw a apu ka kaidi talima?
kaidi angasat maidem.,「在床上睡覺。」,kaidi angasat maahan.
atun midem mades lia.,「Atun 睡很久了。」,atun midu mades lia.
yaku maituku kaidini.,「我正坐在這裡。」,yaku maana kaidini.
yaku mituku kaidini.,「我坐在這裡。」,yaku mituku kaidini.
paihélut lia.,「在尿尿了。」,kaidi mudawan lia.
péhélut iak liaka haaput musinaw ima.,「尿尿之後要洗手。」,haaput a iitut muupayak iimaaw liimaaw.
maudan lia.,「正在下雨了。」,axeten mudan lia.
mudan lia.,「下雨了。」,mudan lia.
yaku ohoni kiikita babizu.,「我現在在看書。」,yaku ohoni kiikita babizu.
yaku ohoni meken sumay.,「我現在在吃飯。」,yaku ohoni meken sumay.
atun ohoni medeken yaku a tatoko.,「Atun 現在在撿我的拐杖。」,atun ohoni medeken yaku a tatoko.
usa mikita nuang hann!,「去看牛喔！」,usa mikita bauzak!
usa aai tadaw hann!,「去拿刀喔！」,usa kuaput’i na!
yaku mukusa mikita atun.,「我去看 Atun。」,yaku mukusa mikita atun.
dawan’i na!,「請洗澡！」,utuput’i na!
zakay’i na!,「請走路！」,salaman’i na!
taxa’i yaku na!,「請等我一下呀！」,pazakat yaku’honi!
sapik’i iu!,「貼藥！」,apu’i sai!
usa sinaw’i naki a siatu na!,「請去洗我的衣服！」,usa sinaw’i a siatu!
zuzut’i saaken iu sumay na!,「請裝菜和飯！」,maina’i siaki iu saanu!
sinaw’i siatu!,「洗衣服！」,sinaw’i siatu!
sinaw’i siatu na!,「請洗衣服！」,sinaw’i a siatu na!
isiw a pai suzuk’i!,「你的錢藏起來！」,isiw a pai daani haki a hake!
isiw meken dahu hann!,「你要吃多一點喔！」,isiw a haaput meken’ina hann!
alo tumala’ina!,「請來聽！」,alo pakek’ina!
alo sazek’ina!,「請來聞！」,usa wale se’en’i!
huailo midem!,「快睡！」,aluma midem!
huailo meken!,「快吃！」,maka’ina!
isiw pakinakaw!,「你慢慢地。」,isiw saanaxax.
pakinakaw a meken!,「慢慢吃！」,masyaw a meken!
yaku talima eezaw mupuza mikita atun haé.,「我自己來看 Atun 而已喔。」,yaku talima mupuza mikita atun eezah.
yaku a suazi meken ka maida hann.,「我的弟弟吃很快哦。」,yaku a saan maima seket hann.
yaku a apu madiak a muzakay.,「我的祖父走路走很慢。」,yaku a apu a muzakay muzakay a madi.
ana midem!,「別睡！」,ana midem!
idem’ina!,「請睡！」,idem’ina!
ana meken putian a iu!,「別吃毒品！」,ana meken kaidi a dalug a iu!
alo meken’i sumay!,「來吃飯！」,alo meken isu!
yami mututing a akhéhén.,「我們打小孩。」,yami mututing a akhéhén.
yaku musapoh a humak.,「我掃家裡。」,yaku mututing pana.
aba mututing yaku.,「父親打我。」,aba mututing yaku.
balan mukumuk titay.,「貓抓老鼠。」,balan mukumuk titay.
yaku ka meken sumay.,「我吃飯。」,yaku meken sumay.
imini ka musakaw yaku a pai.,「他偷我的錢。」,imini ka makahala yaku a pai.
yaku a aba ka maida a muzakay.,「我的父親走路很快。」,yaku a aba malalo ka siak.
yaku a aba muzakay maida.,「我的父親走路很快。」,yaku a aba muzakay maida.
mades a mituku lia.,「坐很久了。」,mituku mades lia.
mituku mades.,「坐很久。」,mituku mades.
"yaku a kaaw asikit azawzaw, nang a muzakay lia.",「我的腳非常痛，不能走。」,"yaku a kaaw asikit a tazuk, nang ka azawzaw."
yaku maakux azawzaw.,「我非常熱。」,yaku maakux azawzaw.
yaku haaput maa taating a selem mausay yaku a batan a humak.,「我要拿一些豬肉去我的朋友的家。」,yaku haaput tilikin bauzak mausay yaku a selem a maa tia taumama.
yaku a aba mahabay taating lia.,「我的父親舒服些了。」,yaku a aba mahabay taating lia.
yaku ka tahayak taating.,「我有一點累。」,yaku ka tiladas.
meken dahu liaka baget taating lia.,「我吃很多然後變胖一些了。」,yaku meken dahu azawzaw haki emi mamaxut lia.
midem taating.,「（我）睡一些。」,midem taating.
meseket taating.,「（我）休息一些。」,madem taating.
seket’i taating hann!,「休息一些哦！」,seket’i taating na!
yaku mausay medepex.,「我要來去讀書。」,yaku haaputusa isiw mukusa medemek.
yaku mubaza mukawat kaxabu a ahan.,「我會說噶哈巫的話。」,yaku mubaza isiw a ahan mukawas mukawas.
yaku haaput mikita isiw.,「我想要看你。」,yaku haaput mikita isiw.
yaku midahin.,「我感到驚嚇。」,yaku haapit takut.
atun paidahin yaku.,「Atun 讓我感到驚嚇。」,atun paidahin yaku.
yaku a takat pasibaza yaku matoway.,「我的老師教我唱歌。」（字面：我的老師使我會唱歌）,yaku a takat pasu yaku mikita umayakan.
yaku mubaza mukawat kaxabu a ahan.,「我會講噶哈巫的話。」,yaku mubaza mukawat kaxabu a ahan.
pazakay haka mubaza.,「讓（他）走路，（他）就會知道。」,paka maisimim ka haka mekeni.
"yaku a kaaw magizem hann, haaput muzakay.",「我的腳很健壯哦，愛走路。」,"yaku a mama hazekuan hann, thalais saisian."
pakamasezaw a nisiw a beket na!,「把你的頭髮弄乾淨一點吧！」,saluk’en nisidimanu hann!
yaku dauik ma ini mikita masezaw.,「我眼睛也沒有看清楚。」,yaku mitak’en kulax a musinaw.
isiw ka tahayak say?,「你累嗎？」,isiw ka tahayak say?
pakahalupat taating ka iak a saanu mikita.,「（你）讓（它）長一點，較好看。」,paihaka’i eten’i mitululu a selem.
patakan ka halupas.,「竹子很長。」,tabawan mahani a tilung.
biluan pakamuaping yaku a ukut.,「Biluan 弄破我的褲子。」,biluan talumazin yaku a awas.
isiw a ukut muaping lia.,「你的褲子破掉了。」,isiw a siatu liaki muran.
imisiw a akhéhén a siatu mupayak lia.,「那個小孩的衣服濕了」,imisiw a akhéhén a siatu maiak lia.
aba mututing yaku.,「父親打我。」,aba mututing yaku.
atun paidahin yaku.,「Atun 讓我感到驚嚇。」,atun paidahin yaku.
paidahin yaku liaki atun.,「Atun 讓我感到驚嚇了。」,atun paidahin yaku lia.
pakatangiti ita haki taumala.,「政府讓我們生氣。」,dazimaka tatamum a saw liupit.
atun paka yaku a siatu teehen.,「Atun 讓我的衣服變黑。」,atun paka yaku a siatu umakay.
atun paka yaku mudok dalum.,「Atun 讓我喝水。」,atun paka yaku mudok dalum.
apu tahayak.,「祖父很累。」,apo tahayak.
paka tangiti ita haki taumala.,「政府讓我們生氣。」,agaw mahani yami haki taumala.
paka ita tangiti haki ohoni a taumala.,「現在的政府讓我們生氣。」,paka ita tataala haki yami.
"yaku a mama madiak yaku a suazi, pakamangit.",「我的哥哥討厭我的弟弟，把（他）弄哭。」,"yaku a mama miisiw yaku a suazi, paka isiw azawh."
yaku a mama ka paka yaku a suazi mangit.,「我的哥哥讓我的弟弟哭。」,yaku a mama paka yaku a suazi takiak lia mahoy.
paka isiw mahabay taating.,「讓你舒服一點。」,paka isiw haaputana.
paka nita umu maziah.,「讓咱們的粿熟。」,paka mainitu iu tatam.
atun paka yaku a siatu teehen.,「Atun 讓我的衣服變黑。」,atun paka yaku a siatu mekenek.
paka bauzak meken.,「讓豬吃。」,paka bauzak inu meken.
yaku a aba paka yaku mukusa medepex.,「我的父親讓我去讀書。」,yaku a aba paka yaku mukusa medepex.
apu ka paka yaku mubaza kaxabu a ahan.,「祖父讓我知道噶哈巫語。」,apu ka paka yaku mubaza kaxabu a a saw.
yaku a mama ka paka yaku a suazi mangit.,「我的哥哥讓我的弟弟哭。」,yaku a mama paka yaku a suazi mangit.
paka yaku matahatan haki imu.,「你們讓我高興。」,paka yaku matahat a.
atun paka yaku mudok dalum.,「Atun 讓我喝水。」,atun paka yaku mudu dalum.
paka ita tangiti haki ohoni a taumala.,「現在的政府讓咱們生氣。」,okaida a kaam hatanu iu tangiti haki yami.
pazakay’ina!,「請讓（他）走路！」,pazahat’i!
pakita’ina!,「請讓（他）看！」,etene’i!
pakan’ina!,「請讓（他）吃！」,pakamaw’ina!
nisiw a sibabun pakamataw’i haka saanu mutahay.,「讓你的鴨子大一點比較好殺。」,paka a isiw a wale haxaw’i haki alawan.
pakahatiken’ina! ana halupas!,「請讓（它）短一點！不要長！」,pakait’ina! ana mataas!
pakaisilaw’ina!,「請讓（它）白一點！」,paki’i!
paka nita eten a saw maxuiakiak’i!,「讓我們村莊的人健壯！」,pazahemeet yami a balu a saw mahakiakusaw!
pakita’ina!,「請讓（他）看！」,pazakay’ina!
paakita’ina!,「請讓（兩人）相看。」,pakita'ina  yimu.
yaku a aba iu yaku a ina maakudungkudung.,「我的父親和母親互（以棍）打。」,yaku a aba iu vava mututing.
"imidusa ka maxupapa muula, aubin liaka maatebetebe lia.",「這兩個先互罵，後來互捶。」,"imini dusa hannam hannukhudud, laeka hannam habaaput."
yaku a mama iu yaku a suazi kaidisiw maaexetexet.,「我的哥哥和我的弟弟在那邊互摔。」,yaku a mama iu yaku a suazi kaidisiw tapusaw eea.
niam a atun iu kaiditshay akhéhén mamais maakitakita lia.,「我們的 Atun 和哪邊的女孩相看了。」,yami a atun iu maa a akwas takit’i mupuasat lia.
mama iu suazi kaidisiw maadudundudun.,「哥哥和弟弟在那邊相推」,mama iu suaziw kaidisik ohoni rumor.
kaidisiw mitubi liaka maa tadaw maatahaytahay.,「在那邊生氣然後拿刀互殺。」,kaidisiw haki aituan butukus axu mata kekebeleben.
atun ka haaput biluan.,「Atun 愛 Biluan。」,atun ka haaput biluan.
atun iu biluan maakahaaput.,「Atun 和 Biluan 相愛。」,atun maisat biluan.
abuk iu atun maxupapa.,「Abuk 和 Atun 相罵。」,abuk iu atun’in magadinak.
yaku a aba iu ina maxupapa.,「我的父親和我的母親相罵。」,yaku a aba iu yaku a ina iakéhéhéan.
atun ka maisat talima.,「Atun 罵自己。」,atun ka maisat talima.
atun ka mututing talima.,「Atun 打自己。」,atun ka mututing talima.
atun haaput talima.,「Atun 愛自己。」,atun haaput talima.
atun ka maisat talima.,「Atun 罵自己。」,atun ka maisat talima.
atun ka maahan talima.,「Atun 騙自己。」,atun ka haaput talima.
atun ka maisat biluan.,「Atun 罵 Biluan。」,atun iu mahapa biluan.
atun ka maahan talima.,「Atun 騙 Biluan。」,atun kaaken binatliuan.
aba ka mututing talima a mamais.,「父親打自己的妻子。」,aba mututing iu a ina mama.
"ina ka nang a musinaw siatu, paka talima a akhéhén talima musinaw.",「母親不想洗衣服，讓自己的小孩自己洗。」,"ina ka ini naxan mamake mamais, ala axaxas a akhéhén axaxas."
yaku a apu talima malaleng.,「我的祖父自己住。」,yaku a apu talima malaleng.
yaku a apu talima mudawan.,「我的祖父自己洗澡。」,yaku a apu talima mudawan.
atun ka talima mukusa madu tilikas.,「Atun 自己去放陷阱。」,atun ka talima mukusa saka tilikas.
yaku talima mukusa mataw eten.,「我自己去街上」,yaku talima mukusa utasat.
apu ka talima meken eezaw.,「祖父自己吃而已。」,apu sais meken eezaw.
atun ka talima mukukusa eezaw.,「Atun 自己工作而已。」,atun ka talima malima eezo.
yaku ka nang a talima meken.,「我不想自己吃。」,nini haka a inu meken.
"yaku a apu talima malaleng, iu talima meken eezaw.",「我的祖父自己住，也自己吃而已。」,"yaku a apu talima malaleng, iu talima meken a hann."
imini ka dukun.,「這是芋頭。」,imini ka dukun.
dukun haki imini.,「這是芋頭。」,imini ka dukun.
atun ka kaxabu a saw.,「Atun 是噶哈巫人。」,atun ka kaxabu a saw.
kaxabu a saw ki atun.,「Atun 是噶哈巫人。」,atun ka kaxabu a saw.
ita ka tatawan a saw.,「咱們是臺灣人。」,ita ka tatawan a saw.
yaku ka mamaneng a saw.,「我是男人。」,yaku ka utuk a saw.
imisiw ka takat.,「他是老師。」,imisiw ka takat.
imini ka dukun.,「這是芋頭。」,imini ka dukun.
imini a eten ka sianglukus.,「這個村莊是守城。」,imini a udax ka daalumasa saanu.
imisiw a saw ka atun.,「那個人是 Atun。」,imisiw a saw ka atun.
imini ka yaku a tatoko.,「這是我的拐杖。」,imini ka yaku a tatoko.
imini ka yaku a aba.,「這是我的爸爸。」,imini ka yaku a aba.
imini ka yaku a aba a siatu.,「這是我爸爸的衣服。」,imini ka yaku a aba a siatu.
yaku (ka) mupuza lia.,「我來了。」,yaku mupuza lia.
atun (ka) mututing yaku.,「Atun 打我。」,mututing yaku haki atun.
mupuza haki yaku.,「我來了。」,yaku mades lia.
mututing yaku haki atun.,「Atun 打我。」,mututing yaku haki atun.
baget haki imini.,「他很胖。」,imini ka balan.
balan mungazip titay lia.,「貓咬老鼠了。」,balan mungazip titay lia.
mungazip titay liaki balan.,「貓咬老鼠了。」,balan mungazip titay lia.
yaku a balax ka sakaw’en saw lia.,「我的工具被人拿了。」,yaku a balax ka sakaw’en saw lia.
titay ngazip’en ni balan lia.,「老鼠被貓咬了。」,titay ngazip’en ni balan lia.
yaku a pai deken’en naki a baba lia.,「我的錢被我的伯父撿了。」,yaku a pai e kaidi naki yaku a baba lian.
salaman maa’en saw lia.,「碗被人拿了。」,talus’en liaki seken kubaw.
maa’en saw liaki salaman.,「碗被人拿了。」,salaman maa’en saw lia.
hébut’en saw liaki atun.,「Atun 被人打了。」,atun ka saw musaxan lia.
yaku a pai sakaw’en sahat lia.,「我的錢被小偷偷了。」,yaku a pai deken’en saw musyuk lia.
titay ngazip’en ni balan lia.,「老鼠被貓咬了。」,titay ngazip’en ni balan lia.
tuting’en ni aba liaki yaku.,「我被爸爸打了。」,yaku’en saw musin lia.
yaku mupuza lia.,「我來了。」,yaku mupuza lia.
yaku kaidini mituku.,「我在這裡坐。」,yaku kaidini mituku.
imini a kato ka mainu.,「這李子是酸的喔。」,imini a bele ka kaakaw.
imini a tatoko hateken.,「這支枴杖很短。」,imini a tatoko a haluman.
imini a tulala ka isilaw.,「這朵花是白色的。」,imini a udang ka kuluq.
atun mututing yaku.,「Atun 打我。」,mututing yaku haki atun.
isiw haaput tulala bo?,「你想要花嗎？」,pakeze kaxxeméza tulaxo bo?
atun ka kaxabu a saw.,「Atun 是噶哈巫人。」,atun ka kaxabu a saw.
atun (ka) mututing yaku.,「Atun 沒有打我。」,atun mânik yaku.
laladan nahaza saaken.,「桌子（上）有菜餚。」,aasikaw nahaza mayak.
binayu nahaza binayu a bauzak.,「山（上）有山豬。」,binayu nahaza binayu a bauzak.
umamah nahaza dadas.,「田（裡）有番薯。」,kudua nahaza dadas.
"paka isiw paluzuakzuak’i, nahaza ali akhéhén!",「讓你多子多孫，有孫子、小孩！」,"paka isiw paluzuakzuakzuak, nahaza akhéhén!"
yaku iu nahaza pai.,「我也有錢。」,yaku iu nahaza pai.
nahaza saix haki nisiw a humak.,「你們家有屎。」,pakepén taating a humak.
umamah kuang a dadas.,「田（裡）沒有番薯。」,kaidi ini dahu dadas.
binayu kuang a bauzak lia.,「山（上）沒有豬了。」,binayu kuang a bauzak a bia.
yaku nahaza pai.,「我有錢。」,yaku nahaza pai.
yaku nahaza mama iu iah.,「我有哥哥和姐姐。」,yaku nahaza mama iu iah.
yaku meken lia.,「我吃了。」,yaku meken lia.
imini a akhéhén mamay ka hinawiak.,「這小女孩很漂亮。」,imini a akhéhén mamakliak.
yaku kuang a pai.,「我沒有錢。」,yaku kuang a pai.
yaku a apu kaidi angasat.,「我的祖母在床（上）。」,yaku a apu kaidi angasat.
dadas kaidi umamah.,「番薯在田（裡）。」,dadas kaidi humak.
saaken kaidi laladan.,「菜在桌（上）。」,cauan ka kaidi.
yaku a apu kaidi angasat midem.,「我的祖母在床上睡覺。」,yaku a apu kaidi angasat midem.
yaku a apu midem kaidi angasat.,「我的祖母在床上睡覺。」,yaku a apu kaidi angasat miditen.
angasat nahaza wazu.,「床上有狗。」,angasat nahaza wazu.
angasat nahaza wazu kaidisiw midem.,「床上有狗在那邊睡覺。」,angasat nahaza wazu kaidisiw midem.
dadas kuang a kaidi umamah.,「番薯沒有在田（裡）。」,dadas kuang a kaidi umama.
kuang a saaken kaidi laladan.,「沒有菜餚在桌（上）。」,ini a siw a tulun.
mungazip titay liaki balan.,「貓咬老鼠了。」,balan mungazip titay lia.
titay ngazip’en ni balan lia.,「老鼠被貓咬了。」,titay ngazip’en ni balan lia.
balan mungazip titay.,「貓咬老鼠。」,balan mungazip titay.
yaku a aitukuan doko’en saw lia.,「我的椅子被人抬走了。」,yaku a aitukuan dada mayaw lia.
mungazip yaku haki wazu.,「狗咬我。」,mungazip yaku haki wazu.
mulawa liaki wazu.,「狗在吠。」,mungazip tahay nu.
muasak liaki laladan.,「桌子壞掉了。」,muasi haki palumak lia.
tuting’en naki liaki wazu.,「狗被我打了。」,tuting’en naki liaki wazu.
maa’en liaki salaman.,「碗被拿了。」,salaman sasaken takis.
titay ngazip’en ni balan lia.,「老鼠被貓咬了。」,titay ngazip’en ni balan lia.
tuting’en ni aba lia.,「被爸爸打了。」,tuting’en ni aba lia.
mineken liaki yaku.,「我吃完了。」,yaku meken selesai lia.
yaku mineken lia.,「我吃完了。」,yaku meken selesai lia.
matahatan haki yaku.,「我真高興。」,yaku haapusi haimais.
nang a musapo daxe haki yaku.,「我討厭掃地。」,nang a musapo saeken haki yaku.
mahabay ki yaku.,「我很舒服。」,maakyak haki taating.
iak a lama ki isiw.,「你真好命。」,pakeki a saw!
tuting’en ni aba liaki yaku.,「我被爸爸打了。」,tuting’en ni aba liaki yaku.
tuting’en naki liaki wazu.,「狗被我打了。」,tuting’en naki liaki wazu.
sinaw’en naki lia.,「被我洗了。」,sinaw’en naki lia.
salaman maa’en naki lia.,「碗被我拿走了。」,salaman maa’en naki lia.
yami mututing a akhéhén.,「我們打小孩」,yami mututing siakli.
yaku mausay mutalek a sumay.,「我要來煮飯。」,yaku haaput mupuza sumay.
yaku meken sumay.,「我吃飯。」,yaku meken sumay.
balan mukumuk titay.,「貓抓老鼠。」,balan mukumuk titay.
yaku a haaput meken a hapus.,「我喜歡吃青苔。」,yaku a paidoh meken taitais.
yaku a baget lia.,「我胖了。」,yaku a siw liaki.
yaku a haaput pasezaw daxe.,「我喜歡使地板乾淨。」,yaku haaput paka aapuy a dalima.
yaku a ini mahabay taating.,「我不太舒服。」,yaku ini mahabay a inawan.
hébut’en saw liaki atun.,「Atun 被人打了。」,atun ka saw musyxaw lia.
yaku saisiman isiw.,「我很疼你。」,yaku saisiw isiw haki ining.
isiw saisiman yaku.,「你很疼我。」,isiw saisiman yaku.
balan mungazip titay.,「貓咬老鼠。」,balan mungazip titay.
aba mututing akhéhén.,「爸爸打小孩。」,aba mututing akhéhén.
yaku a balax ka sakaw’en saw lia.,「我的工具被人偷了。」,yaku a balax ka sakaw’en saw lia.
salaman maa’en naki lia.,「碗被我拿走了。」,salaman maa’en naki lia.
yaku a aitukuan doko’en saw lia.,「我的椅子被人抬走了。」,yaku a aitukuan doko’en saw lia.
binayu a bauzak kumuk’en naki a aba lia.,「山豬被我父親抓到了。」,kaikai nisiw mukusin ima a baba lia.
balan mungazip titay.,「貓咬老鼠。」,balan mungazip titay.
aba mututing akhéhén.,「爸爸打小孩。」,aba mututing akhéhén.
yaku ka meken sumay.,「我在吃飯。」,yaku ka meken sumay.
imisiw ka mututing wazu.,「他打狗。」,imisiw ka mututing wazu.
imisiw ka mututing wazu.,「他打狗。」,imisiw ka mututing wazu.
imini a wazu saanu imisiw mututing.,「這隻狗給他打。」,imini a wazu saanu imisiw mututing.
imini a wazu saanu imisiw mututing.,「這隻狗給他打。」,imini a wazu saanu imisiw mututing.
yaku saana hazian a saw maahan lia.,「我被壞人騙了。」,yaku saana hazian a saw taitus’en.
yaku a pai ka saana sahas maa dadua lia.,「我的錢被小偷全拿走了。」,yaku a pai chupu tang haki saaw lia.
yaku maa tulala saanu isiw.,「我拿花給你。」,yaku maa saanu isiw a iu.
yaku maa seme saanu nuang meken.,「我拿草給牛吃。」,yaku mupuut a beleben paimid taata.
yaku a akhéhén saanu takat mututing.,「我的小孩被老師打。」,yaku a akhéhén selem ka utong a takat liaki.
isiw a dalum saana yaku mudok lia.,「你的水被我喝了。」,isiw a dalum ku’en yaku mudok lia.
mulawa liaki wazu.,「狗在吠。」,mungazip tit’en haki wazu.
tuting’en ni aba liaki yaku.,「我被爸爸打了。」,tuting’en ni aba liaki yaku.
mungazip titay liaki balan.,「貓有咬老鼠了。」,balan ka muax azawx sayi.
imisiw a saw tangiti lia.,「那個人生氣了。」,imisiw a saw tangiti lia.
balan mungazip titay.,「貓咬老鼠。」,balan mungazip titay.
yaku ka kaxabu a saw.,「我是噶哈巫人。」,yaku ka kaxabu a saw.
imini ka uzay yaku a beleben.,「這不是我的香蕉。」,imini ka uzay yaku a beleben.
"yaku ka uzay kaxabu, iu uzay utakay. yaku ka tapulu.",「我不是噶哈巫，也不是客家人。我是閩南人。」,"yaku ka musi kaxabu, udah manuaki yaku ka aten. yaku asing a ilayat a."
yaku uzay meken dadas hann.,「我不是吃蕃薯哦。」,yaku uzay meken dadas hann.
yaku uzay mudok inusat. mudok dalum hann.,「我不是喝酒，是喝水哦。」,"yaku uzay mudawan iu, a mudawan dalan a."
yaku uzay meken dadas hann.,「我不是吃蕃薯哦。」,yaku uzay meken dadas hann.
yaku ini meken dadas hann.,「我沒有吃蕃薯哦。」,yaku ini meken dadas hann.
ohoni ini mudan.,「今天沒下雨。」,ohoni ini mudan.
mudan lia.,「下雨了。」,mudan lia.
yaku ini musinaw kaaw.,「我沒洗腳。」,yaku ini musinaw.
apu tahayak.,「祖父很累。」,apu tahayak.
apu ini tahayak.,「祖父不累。」,apu ka ini tait.
ini paka yaku tahayak.,「（你）沒有讓我累。」,ini paka yaku tahayak.
ini mahabay haki yaku.,「我不舒服。」,ini mahabay kiaku.
isiw ka tahayak say?,「你會累嗎？」,isiw ka tahayak say?
ini.,「不會。」,ini.
pakatahayak!,「讓你累了！／謝謝你！」,paka nisialima ian!
ini.,「不會。」（被感謝／稱讚時回應）,ini.
ini ini.,「不會、不會。」（被感謝／稱讚時之回應）,ini ini.
yaku nahaza pai.,「我有錢。」,yaku nahaza pai.
yaku kuang a pai.,「我沒有錢。」,yaku kuang a pai.
kuang a pai saanu medepex haki yami.,「我們沒有錢可以讀書。」,yami kuut dahu a pai humakay teezahat.
yaku ini meken sumay.,「我沒有吃飯。」,yaku ini meken sumay.
yaku kuang a pai.,「我沒有錢。」,yaku kuang a pai.
ana/ausin maida!,「（你）別那麼快！」,ana inisaw!
ana/ausin midem!,「（你）別睡！」,ana midem!
"yaku haaput mukusa binayu iak, iu ana mukusa iak.",「我要去山上好，還是不要去好？」,yaku haaput mukusa binayu iang a butu mukusa iang.
maana na.,「請等一下。」,exan’i haki.
nang a meken haput haki yaku.,「我討厭吃青苔。」,nang a meken iu i pai.
nang a musapo daxe haki yaku.,「我討厭掃地。」,hatudu maman liaki haki yaku.
nang a imini haki yaku.,「我不要這個。」,yaku mâput tuaping.
nang a mudalum a wazu haki yaku.,「我不要養狗。」,yaku ini haaput az dandaw a wazu.
sawan mamek nahaza udan asi kaung.,「今天沒下雨，明天則不知道有雨還是沒有。」,ohoni ini ka mamudan. ozaanu ohoni mayaw ka kaabu udanh.
sawan ini mubaza nahaza udan asi kaung.,「今天沒下雨。明天不知道有雨還是沒有。」,ohoni ini mudan. tausan iu liaka binayu iu mudan.
yaku ka meken sumay lia.,「我吃飯了。」,yaku meken sumay lia.
yaku mayaw meken sumay.,「我還沒吃飯。」,yaku mayaw meken sumay.
mayaw.,「還沒。」,mayaw.
yaku meken dadas.,「我吃蕃薯。」,yaku meken dadas.
yaku ini meken dadas.,「我沒有吃蕃薯。」,yaku ini meken dadas.
yaku nahaza pai.,「我有錢。」,yaku nahaza pai.
yaku kuang a pai.,「我沒有錢。」,yaku kuang a pai.
idem’i!,「睡！」,dalang’i!
ana midem!,「別睡！」,ana midem!
imisiw ka nisiw a wazu say?,「那是你的狗嗎？」,imisiw ka nisiw a wazu say?
isiw ka kaxabu say?,「你是噶哈巫（族）人嗎？」,isiw ka kaxabu say?
isiw musuling dadas say?,「你在烤地瓜嗎？」,isiw ka tatam dadas say?
isiw ka mututing yaku a wazu say?,「你打我的狗嗎？」,isiw ka mututing yaku a wazu say?
isiw ka tahayak say?,「你會累嗎？」,isiw ka tahayak say?
isiw ka ini tahayak say?,「你不累嗎？」,isiw ka ini tahayak say?
isiw ka utakay say?,「你是客家人嗎？」,isiw ka utakay a saw?
hauay.,「是的。」,hauay.
isiw ka mukusa mataw eten say?,「你是去街上嗎？」,isiw ka mukusa mataw eten say?
hauay. mukusa mubaiw taating a selem.,「是的。去買一些油。」,haaput mubaiw kiniw sikud a seet.
isiw ka nahaza imini bo?,「你有這個嗎？」,isiw ka nahaza imini bo?
isiw mausay muzakay bo?,「你要去走路嗎？」,isiw haaput muzakay madu’i iu?
isiw ka kaxabu say?,「你是噶哈巫（族）人嗎？」,isiw ka kaxabu say?
isiw ka kaxabu say?,「你是噶哈巫（族）人嗎？」,isiw ka kaxabu say?
imini ka nimu a beleben say?,「這是你們的香蕉嗎？」,imini ka nimu a beleben say?
isiw ka haaput meken dadas iu dukun?,「你要吃番薯還是芋頭？」,isiw ka haaput meken dadas iu dukun?
"yaku haaput mukusa binayu iak, iu ana mukusa iak?",「我去山上好，還是別去好？」,"yaku mukusa binayu iak, iu ana mukusa iak lia?"
imini ka kabas iu uzay?,「這是木板還是不是？」,imini ka sekeneku a bekenek?
mudawan iak lia iu mayaw?,「洗好了還是還沒？」,sinaw’en ohoni iu maisay?
isiw ka haaput tabako iu nang?,「你要斗笠還是不要？」,isiw ka mausu tamusu kiatebe?
yaku ka tapulu.,「我是閩南人。」,yaku ka thengnai a saw.
ima ki hazian?,「誰不好？」,ini mikahali’i iu?
isiw ka malaleng kaidi tshay?,「你住在哪裡？」,isiw ka malalade kaidi tshay?
yaku malaleng kaidi baisia.,「我住在牛眠。」,yaku meken ni maa.
isiw ka mausay tshay?,「你要去哪裡？」,isiw ka mausay lalennen?
mausay miadua.,「要去那邊。」,meseku ohoni.
isiw ka kaidi tshay mupuza?,「你從哪裡來？」,isiw ka alata madiak?
yaku ka mataw eten mupuza.,「我從街上來。」,yaku meni mataw eten mupueng.
nisiw a halam kaidi thsay mubaiw?,「你在哪裡買菜？」（字面：你的菜在哪裡買？）,nisiw a sai a mahaliziw?
kaidi mataw eten.,「在街上。」,kaidi mataw.
isiw ka kaidi thsay maukhehan?,「你在哪裡出生？」,isiw ka alixw kaxa e?
kaidi sianglukus.,「在守城。」,kaidi mamulawa.
imu ka kaidi tshay a saw?,「你們是哪裡的人？」,isiw ka kaidi akhéhé a saw?
isiw haima akhéhén?,「你有多少小孩？」,isiw khuing a akhéhén?
dusa eezaw.,「兩個而已。」,dusa eezaw.
nisiw a xalam haima pai?,「你的菜多少錢？」,isiw a saan pai ka pue?
nisiw a wazu haima?,「你有幾隻狗？」（字面意義：你的狗多少）,nisiw a wazu alu?
ini mudalum a wazu.,「沒養狗。」,ini ka pahala wazu.
isiw a akhéhén haima mataw lia?,「你的小孩多大了？」,isiw a akhéhén khua khued?
mayaw mubaza axaxay.,「還不知道什麼。」,mayaw madiang a hingsuk.
nisiw a ima ka muaxay?,「你的手怎麼了？」,isiw a lama saisiliw a?
asikit a ima.,「手痛。」,mataas a ina.
nisiw a sasapo muaxay mubuyak?,「你掃把怎麼做的？」,nimiding sawatit a palay?
muaxay haaput mututing yaku a akhéhén?,「（你）為什麼要打我的小孩？」,makhuyak iimi haki yaku a akhéhén?
hazian a mukawas.,「講不聽。」（字面意義：難講）,nang a mubwag.
muaxay ka nang a meken sumay?,「為什麼不吃飯？」,ini meken sumay?
téleket lia. nang a meken sumay.,「飽了。不要吃飯。」,alia lia. nang a meken sumay.
muaxay ka nang a mudok dalum?,「為什麼不要喝水？」,ana ka ini pai mudu a dalum?
ini makait a haho.,「脖子沒乾。」,mainat muupat.
muaxay mudan?,「怎麼會下雨？」,kaida mudan?
teehen a babaw.,「天空黑。」,haka kuang a langit.
isiw ka sasay nang a meken sumay?,「你為什麼不要吃飯？」,isiw ka maisig meken sumay?
sasay ka mututing yaku hann?,「為什麼打我呢？」,kakumat mututing yaku hann?
sasay’en a musinaw?,「怎麼洗？」,sini saw’i naan?
imini a saaken ka sasay’en a mutalek?,「這菜餚怎麼煮？」,imini a saaken ka haaput meken eezah?
ini asikit sasay’in a mutapik imini?,「沒有痛怎麼貼這個？」,ini tunuk’en alahu tamalamu eezah a.
sasay’en lia?,「怎麼辦？」,anu na midem?
axay daali haka midem?,「什麼時候你才要睡覺？」,daang a asikit sais na midem?
axay daali haaput mudawan?,「什麼時候要洗澡？」,axay daali haaput mudawan?
axay daali mausay mataw eten mubaiw selem?,「什麼時候要去街上買肉？」,axay daanda haapu mukusa kikay midem.
axay daali haaput meken sumay?,「你什麼時候要吃飯？」,isiw ohayuk maahad umu maxan meken sumay?
daalian hann.,「中午呀！」,ohu hann!
isiw ka kuasayan mukusa mukato bekes?,「你什麼時候剪頭髮的？」,isiw ka ima kuday masinit atu lalliu?
haaput mubaiw humak haki yaku.,「我想要買房子。」,yaku haaput makro a humak.
yaku talima eezaw mupuza mikita atun haé.,「我只有自己來看 Atun。」,yaku mudawan talima tulisen kudik nii atun.
yaku mubaza mukawat kaxabu a ahan.,「我會說噶哈巫的話。」,yaku meken madiak a kaxabu a aha.
yaku a ina pahaihan mutalek saaken.,「我的母親忘記煮菜。」,yaku a ina mamudangi mikita daaden.
atun ka mutuku meken sumay.,「Atun 坐著吃飯。」,atun ka minum mukum.
pialay haaput paxuma mulasi.,「開始要種稻子。」,mudunana ki ni mikihe a saanu e.
yaku mudawan muuput lia.,「我洗完澡了。」,yaku mudawan muuput lia.
yaku haaput mikita isiw.,「我喜歡看你。」,yaku haaput mikita isiw.
yaku a aba ka haaput meken tana haé.,「我的父親喜歡吃刺蔥。」,yaku a aba ka haaput meken meken tilakaw.
haaput mudan lia.,「要下雨了。」,haaput mudan lia.
yaku a apu mudawan iak lia.,「我的祖父洗澡洗好了。」,yaku a apu mudawan iak lia.
muuput a mudawan lia.,「洗完澡了。」,muuput mudawan lia.
yaku mubaza tumala kaxabu a ahan lia.,「我會聽噶哈巫的話了。」,yaku mubaza sikuy a balisow a ahan lia.
imini a beleben ka imisiw maa mupuza.,「這香蕉是他拿來的。」,imini a beleben ka imisiw maa talima.
imini ka kaidi kalikus maa mupuza.,「這在大湳拿來的。」,imini ka kaidi kalikas maheta maa.
yaku a aba muzakay maida.,「我的父親走得很快。」,yaku a aba madiak a sikuan.
yaku a apu muzakay madiak.,「我的祖父走很慢。」,yaku a apu malalum a muzakay.
mituku mades.,「坐很久。」,mituku mades.
yaku a suazi meken ka maida.,「我的弟弟吃很快。」,yaku a suazi meken ka maida.
yaku meken sumay ka madiak.,「我吃飯很慢。」,yaku meken sumay ki butax.
yaku mukumuk alaw ka sabang.,「我抓魚很厲害。」,yaku mamusu dalum madi.
yaku a suazi meken ka maida.,「我的弟弟吃很快。」,yaku a suazi meken maida.
yaku a aba ka maida a muzakay.,「我的父親走路很快。」,yaku a aba ka maida a muzakay.
yaku ka sabang a mukumuk alaw.,「我抓魚很厲害。」,yaku mukuna iu ka hazian.
yaku a apu madiak a muzaky.,「我的祖父走路走很慢。」,yaku a apu madiak madiak ka maa.
yaku haaput maa taating a selem mausay yaku a batan a humak.,「我要拿豬肉去朋友家。」,yaku haaput maa taating a sevelik eezo a mama.
mukusa binayu madu tilikas.,「去山上放陷阱。」,mukusa binayu pahuyuput umamis.
atun ka mikita balan ngaangazip titay.,「Atun 看到貓正在咬老鼠。」,atun ka mikita balan mianu mukaw thes.
yaku padudu atun nita kaxabu a ahan sasay’en a mukawas.,「我問 Atun 咱們噶哈巫的話怎麼說。」,yaku padiken atun kaite kaxabu a ahan axaxéh.
yaku a aba haaput tumala yaku maatoway.,「我的父親想要聽我唱歌。」,yaku a aba haaput tumala yaku miki umayu.
yaku mikita kunay saasakaw nisaw a bon.,「我看到 Kunay 正在偷別人的南瓜。」,yaku mikita kunay madasamasat isiw a akaidiw a beleben.
yaku mikita nita kunay hééhébut nita atun.,「我看到咱們的 Kunay 正在打咱們的 atun。」,yaku mikita yami a kunay tápat yami a atun.
yaku ka mikita atun mukusa axung maa alaw.,「我看到 Atun 去溪裡抓魚。」,yaku mikita atun mukusubu takalasi maxu maxu dalum.
yaku tumala atun ka maxatakat lia.,「我聽到 Atun 成為老師了。」,yaku mikita atun a akhéhén naki.
mikita atun saana kunay muhébut.,「（我）看到 Atun 被 Kunay 打。」,lalumut atun madiak kunay mututing.
yaku mubaza sawan nahaza udan.,「我知道明天有雨。」,yaku mubasana nahaza udann.
yaku mamek isiw malaleng kaidi tshay.,「我不知道你住在哪裡。」,yaku mai dayita kazu tamusu daatelen.
yaku pahaihan isiw malaleng kaidi tshay.,「我忘記你住在哪裡。」,ana pahaliw isiw malaleng kaidi nuang a saw.
"yaku a ina mukawas, atun ka haaput maa nisaw a akhéhén mamais.",「我的母親說 Atun 想要娶別人家的女孩。」,yaku a ina mukuyak atun naxaxay naxe’en a suazu a reba.
"yaku a aba mukawas, sawan ka nahaza udan.",「我的父親說明天有雨。」,"yaku a aba mames, eezah a bina nahaza udann."
yaku ka maha isiw usa humak maa siatu.,「我叫你去家裡拿衣服。」,yaku kalia isis kaidi humak nahazut paiatu.
"maha yaku liaki yaku a ina, mausay mudawan.",「我的母親叫我去洗澡。」,yaku a ina mima yaku mukusa mouzak.
"kiikiliw liaki nisiw a ina, usa mudawan.",「你的母親正在叫你去洗澡。」,isiw a ina ka alawan mupuza medepex.
yaku padudu nita pungu imini a selem ka haima pai.,「我問老闆這塊豬肉多少錢。」,yaku mikita xama a seken a bauzuk vuai axung.
kaidi xasep a ilas liaka nahaza xaxela.,「在十月的時候有霜。」,kaidisiw a daaliw a alima azawng.
yaku kaidi mataw a malaliw haka nita a takat mupuza kiikita yami.,「我在大地震的時候，咱們的老師來看我們。」,yaku ka kaidi tatamalias mupuza tamuku isiw makita yami.
"kaidi maa mamais, yaku a ina iu puihiat lia.",「在娶妻子的時候，我的媽媽又過世了。」,kuang a tata wazuza miki saanu a taama saaw lia.
"ohoza kaidi tanatunu, hoaho mupuza, mubuyak a daan.",「以前在日本時代的時候，日本人來，做路。」,ohozaanu tamusu mausama sahaadek oohuupu kaaminikuu iinohapu maakena.
ini musinaw a ima ka ana meken sumay hann!,「如果沒洗手，別吃飯喔！」,mamuk’en mikisaw haki meken sumay hann!
yaku ka nahaza dahu a pai ka haaput mubaiw a humak.,「我如果有很多錢，要買房子。」,yaku ka nahaza alah asiw mazuza pai mubaiw halasu haki.
isiw kuang a pai ka ana mubaiw axaxay saanu yaku.,「你如果沒有錢，不要買東西給我。」,isiw kuang a pai ka ini mukuyak kating yaku a haaput mukanselah.
"isiw mayaw mudawan, ana midem!",「你如果還沒洗澡，別睡覺！」,"isiw mayaw mudawan, ana midem!"
yaku nahaza pai ka haaput mubaiw humak haki yaku.,「我如果有錢，我要買房子。」,yaku haapu pai taating dawas haki yaku a mahuana.
yaku na nahaza daali ka imu mupuza ka maki imu mukawas; yaku na kuang a daali saanu meseket ka ini maki imu mutuku.,「我如果有時間，你們來，跟你們說話；我如果沒有時間可以休息，沒跟你們坐。」（,"yaku haapu pai aikas, iiw mupuza, musu iiw mupuza ibosakat mamaisikas; yaku haapu pai aikas mausun makayakay, mausun mamaisikas iiw mupuza sinating."
"isiw ka haaput tabako iu nang? haaput ka baxa isiw, isiw na nang liaka yaku haaput hazing kaidi daan.",「你要斗笠還是不要？要的話給你，你如果不要，我就丟在路上。」,hau maazukas eezan iu ana kai ima angunay maa maa haaput iu ana xababay liaki panomu.
isiw na maahan yaku ka yaku nang a maki isiw mukawas.,「你如果騙我，我就不要跟你講話。」,"isiw ka tulala yaku, yaku iu nang a maki isiw mukawas."
yaku tahayak azawzaw haka yaku nang a mukukusa.,「我很累，所以我不想工作。」,yaku tahayak ka haka yaku nang a mukukusa.
meken dahu liaka baget taating lia.,「（我）吃很多，然後變胖一些了。」,mameken dahu haki eezaw lia.
yami akhéhén mukusa mutahan pai liaka aba mahabay.,「我們小孩去賺錢了，父親很舒服。」,"yami a akhéhén mukusa mamas, apu masyan mamohaw."
"isiw mayaw mudawan, ana midem.",「你還沒洗澡，別睡覺。」,"isiw mayaw mudawan, ana midem."
"ini mahabay haki yaku, nang a mukusa mukukusa.",「我不舒服，不想去工作。」,"nang a maali, nang a ukus mukusa sumay daawan."
hakezeng liaka hazian lia.,「老了不好了。」,mataas haapita lia.
hazian lia ki yaku a punu.,「我的頭腦不好了。」,yaku a ati mainem lia.
ohoni mudan liaka yaku nang a mukusa mikita umama.,「現在下雨了，我不想去看田。」,"ohoni mudan lia, yaku ini mausay mukusa mikita umama."
yaku tahayak azawzaw haka yaku nang a mukukusa.,「我很累所以我不想工作。」,yaku tahayak azawzaw haka yaku nang a mukukusa.
mataw a mulaliw liaka mauit liaki humak.,「大地震，房子倒了。」,"hayan maitu musinaw, hipekaw a balu lia."
"imini a saw dahu a pai, kulaka ini mahabay a hinis.",「這個人很多錢，但心情不舒服。」,"imini a saw maahu a pai, alaw lubak iu."
"imu haaput tumala Kaxabu a ahan, kulaka Kaxabu a ahan ka sazian a tumala.",「你們想要聽噶哈巫話，但噶哈巫的話不好聽。」,"nisiw haaput mikita kaxabu a ahanu a alixikit, maarut a alixikit a ahanu a alixikit."
"kahuy ka ini halupas, patakan ka halupas, kulaka patakan ka taating eezaw, kahuy ka mataw taating.",「樹不長，竹子長，但是竹子一點點而已，而樹大一些。」,"kaanan maahoni, irupu maahadi, alu irupu maahadi ngali, iu kaanan a haapuxax."
"haaput mubaiw selem kula, ini masu pai.",「想要買豬肉，但是沒帶錢。」,"haisa mubaiw babakun, iu haka ini mahazak a pai."
"haaput meken sumay kula, yaku a tian ka asikit azawzaw liaka nang a meken lia.",「想要吃飯，但我的肚子很痛，所以不要吃飯了。」,"axaxum meken sumay, mamuku yaku a ulun, selem meken sumay lia."
"imu ka haaput mupuza yaku a humak mikita yaku, kulaka yaku hazian a buxu.",「你們喜歡來我的家看我，但我身體不好。」,"nisiw ka haaput mupuunay yaku a umah, alah yaku a saan."
"yaku ka nahaza dusa a akhéhén, imisiw ka tuu a akhéhén.",「我有兩個小孩，他有三個小孩。」,"yaku nahaza dusa a akhéhén, imisiw a iu hala dusa a akhéhén."
"yaku ka malaleng kaidi sianglukus, imisiw ka malaleng kaidi baisia.",「我住在守城，他住在牛眠。」,yaku ka malaleng kaidi shieng a siukusum.
"yaku ka malaleng kaidi sianglukus, iu imisiw ka malaleng kaidi baisia.",「我住在守城，他住在牛眠。」,"yaku malalang kaidi shisemaleng, imisiw malalang kaidi biname."
"yaku a aba ka haaput meken tana, iu yaku a ina ka haaput meken hapus.",「我的父親喜歡吃刺蔥，而我的母親喜歡吃青苔。」,"yaku a aba ka haaput meken tajuk, iu yaku a ina ka haaput meken ita."
"atun a aba ka kizi meken sumay, iu atun ka mituku meken sumay.",「Atun 的父親站著吃飯，而 Atun 坐著吃飯。」,"atun ka aba mikita meken sumay, iu atun mikita meken sumay."
yaku a ina iu puihiat lia.,「我的母親也死了。」,yaku a ina iu eezaw lia.
yaku mubaza sawan iu nahaza udan.,「我知道明天也有雨。」,yaku mubasa haiméza wazu udan.
atun iu maaisiay kizi meken sumay.,「Atun 也一樣站著吃飯。」,atun iu iahah malalum meken sumay.
"atun nahaza saanu mukukusa, iu kunay iu nahaza saanu mukukusa.",「Atun 有可以工作，而 Kunay 也有可以工作。」,"atun nahaza saanu mukukusa, iu kunay paka nahaza saanu mukukusa."
"atun mukusa binayu madu tilikas, iu kunay iu mukusa binayu madu tilikas.",「Atun 去山上放陷阱，而 Kunay 也去山上放陷阱。」,"atun mukusa baxa batu duluu, eza kunay ikut mukusa baxa batu duluu."
yaku iu mama mukusa binayu.,「我和哥哥去山上。」,yaku iu mama mukusa binayu.
yaku maki mama mukusa binayu.,「我跟哥哥去山上。」,yaku maki mama mukusa binayu.
