噶哈巫語,華語,kaxabu_mt,華語_clean
atun ohoni medeken yaku a tatoko.,「Atun 現在在撿我的拐杖。」,Atun niani mala ku guaizhang,Atun 現在在撿我的拐杖。
kaidini nahaza udan.,「這裡有雨。」,Tini uran.,這裡有雨。
ohoni ini mudan.,「現在沒下雨。」,ita adu udan.,現在沒下雨。
mituku lia.,「坐了。」,induduk,坐了。
kaidini nahaza aitukuan.,「在這裡有椅子。」,isu i nia,在這裡有椅子。
ita ka tatawan a saw.,「咱們是台灣人。」,ita tao a taywan.,咱們是台灣人。
yaku meken dadas lia.,「我吃番薯了。」,Yaku kinan kamote.,我吃番薯了。
zuzut’i saaken iu sumay na.,「請裝菜、裝飯！」,Tuku sai ma pan!,請裝菜、裝飯！
mikita babizu muuput lia.,「看完書了。」,Kita buku ua.,看完書了。
yaku muuput a siisinaw siatu lia.,「我洗完衣服了。」,Yaku m-sibus tu yifu ini.,我洗完衣服了。
alo meken sumay!,「來吃飯！」,mali mangan!,來吃飯！
alo mudok taating a inusat!,「來喝一點酒！」,minum ta bahi!,來喝一點酒！
yaku ini musinaw kaaw.,「我沒洗腳。」,yaku adi mlasiq siku,我沒洗腳。
imisiw talima pakamuaping.,「他自己弄破。」,iya kisi’a pabuak,他自己弄破。
pakaasikit liaki yaku a kaaw.,「讓我的腳痛了。」,Masakit saka-ku.,讓我的腳痛了。
paka nita umu maziah.,「讓咱們的粿熟。」,Pakamatu kue na ita.,讓咱們的粿熟。
paka isiw paluzuakzuak’i nahaza ali akhéhén.,「讓你多子多孫有孫、小孩」,ka misa’ay a wawa ma apo ni isu,讓你多子多孫有孫、小孩
paka isiw mahabay taating,「給你較好。」,Mapia tu isu.,給你較好。
paka bauzak meken.,「讓豬吃。」,pakakan tu babuy.,讓豬吃。
aba mututing akhéhén.,「爸爸打小孩。」,Ama pukul wawa.,爸爸打小孩。
tuting’en naki liaki wazu.,「狗被我打了。」,pukpuken asu ni iku,狗被我打了。
imini a dadas ka yaku a dadas.,「這番薯是我的番薯。」,kumala ini kumala-ku,這番薯是我的番薯。
imini ka kaidi kalikus maa mupuza.,「這在大湳拿來。」,iza mai ni Danan,這在大湳拿來。
azem haka kaidi xasep adang ilas iu xasep isit a daali haki yami kaxabu a azem.,「我們噶哈巫的過年是在十一月十五日。」,Ita Kaxabu a guonian i bulan sa-puluq ida adaw sa-puluq xasep.,我們噶哈巫的過年是在十一月十五日。
pakahalupat’ina!,「請長一點！」,pabngun misa!,請長一點！
pakamaziah’i!,「使熟！」,pasaq!,使熟！
seket’i taating hann!,「休息一下下！」,xiuxi yixia xia!,休息一下下！
isiw a pai suzuk’i!,「你的錢藏起來！」,Ipud sising su!,你的錢藏起來！
imini ka yaku a ina.,「這是我的母親。」,Iza ina-ku.,這是我的母親。
imisiw ka yaku a aba.,「那是我的父親。」,Ira ama-ku.,那是我的父親。
nisiw a pai haaput mubaxa ima?,「你的錢要給誰？」,mabai isu su pecing ta ima?,你的錢要給誰？
isiw ka mudok axay?,「你在喝什麼？」,isu minom ima?,你在喝什麼？
imisiw ka kaidi taantaw siisinaw siatu.,「他在水溝洗衣服。」,iza misasi badju i shuigou.,他在水溝洗衣服。
imisiw ka kaidi humak meken sumay lia.,「他在家裡吃飯了。」,iya mangan pa i ruma,他在家裡吃飯了。
"yami a aba, ina, apuapu kaidini malaleng.",「我們的父親、母親、曾祖父母在這裡居住。」,"Ma-qema i qani ama-ta, ina-ta, apu ni apu-ta.",我們的父親、母親、曾祖父母在這裡居住。
"yaku ka kaidini mituku, imu ka kaidisiw maahadas.",「我在這裡坐，他們在那裡玩。」,"yaku matengud dini, ira malali dita.",我在這裡坐，他們在那裡玩。
yaku talima kaidi humak eezaw.,「我自己在家而已。」,iaku siki ni luma’,我自己在家而已。
"dahu a paipai kaidi daan, hazian a saanu muzakay.",「在路上很多車，很不好走。」,"i lalan adu a tsia, adi mapia a malakat.",在路上很多車，很不好走。
imini a wazu ka saanu imisiw mututing.,「這狗被他打。」,asu ini palu-en niya,這狗被他打。
inusat saanu saw mabusuk.,「酒讓人醉。」,Bahi pa-lasing tau.,酒讓人醉。
yaku maa pai saanu isiw.,「我拿錢給你。」,Aku ane cin ka isu.,我拿錢給你。
yaku saanu tatoko mututing wazu.,「我用拐杖打狗。」,iku sapak asu sa guaizhang.,我用拐杖打狗。
paka isiw paluzuakzuak’i nahaza ali akhéhén.,「讓你多子多孫有孫、小孩！」,Ma-adu su a anak ma apu!,讓你多子多孫有孫、小孩！
yaku maki isiw kaidini palizak.,「我跟你在這裡曬太陽。」,ita i hiti i adaw,我跟你在這裡曬太陽。
yaku maki mama mukusa binayu.,「我和哥哥去山上。」,iza ini kaka musa ta babaw.,我和哥哥去山上。
yaku iu mama mukusa binayu.,「我和哥哥去山上。」,iza ka kaka musa tu babaw.,我和哥哥去山上。
yaku nahaza mama iu iah.,「我有哥哥和姊姊。」,Miya aku gege ani jiejie.,我有哥哥和姊姊。
muzakay iu maxidaxang haka asikit a punu lia.,「走路和流汗就頭痛了。」,"malakat ka mipawis, masakit i qulu.",走路和流汗就頭痛了。
alo maki yami meken!,「來跟我們吃！」,Mai mkan ka ita!,來跟我們吃！
nang a maki isiw mukawas.,「不要跟你講話。」,owa ku sasanga kisu.,不要跟你講話。
imini a ahan ka mades ini mukawat.,「這話很久沒說。」,Hangalaw adi musa’ tu qasa’ ni.,這話很久沒說。
"imisiw a akhéhén mamais, ukut muaping lia.",「那個女孩，褲子破掉了。」,Ira a babai a zubon po liaw.,那個女孩，褲子破掉了。
"kaidini a aitukuan, aa’en akhéhén lia.",「在這裡的椅子，被小孩拿走了。」,Yizi ini na-ala no xiaohai.,在這裡的椅子，被小孩拿走了。
kaidini nahaza adade a lubahing a tulala.,「在這裡有一朵花。」,Mi isa burak i ini.,在這裡有一朵花。
kaidisiw a balan muzakay.,「在那裡的貓在走路。」,ira a pusi musa.,在那裡的貓在走路。
imu ka kaidisiw mudok tamaku.,「他們在那裡抽菸。」,Chouyen ira i ida,他們在那裡抽菸。
ana monosu!,「別那樣！」,ini tuza!,別那樣！
"ohoni a saw, dahu a hazian a saw haé.",「現在的人，很多壞人呀！」,"Kaini a tao, adu a masama!",現在的人，很多壞人呀！
ohoza a saw haaput mukusa binayu.,「以前的人喜歡去山上。」,Ini a misa ma-ayat musa tu sazu'a.,以前的人喜歡去山上。
mikita azang a titay.,「看到一隻老鼠。」,Mita isa a tikus.,看到一隻老鼠。
kaidini nahaza adade a lubahing a tulala.,「在這裡有一朵花。」,Hini ma isa pue.,在這裡有一朵花。
yami a humak daadalum tuu a bauzak.,「我們家養三隻豬。」,Ruma ni kami turu a babuy.,我們家養三隻豬。
yami dusa ka hakezeng a saw.,「我們兩個是老人。」,vuvu ita dusa,我們兩個是老人。
ita tuu ka tatawan a saw.,「咱們三個是臺灣人。」,Tao a Taiwan ita turu.,咱們三個是臺灣人。
alia haaput midem lia.,「差不多要睡了。」,qasi tulug.,差不多要睡了。
alia lia.,「差不多了。」,bahu iza,差不多了。
"apu ka ini tahayak, mituku eezaw.",「阿公不累，坐著而已。」,"Apu ai mqalux, misa’ atengil.",阿公不累，坐著而已。
imini eezaw lia.,「這樣而已了。」,ani sa la.,這樣而已了。
adade eezaw.,「一個而已。」,isa.,一個而已。
imini a kazo tuxubut azawzaw.,「這桃子非常甜。」,mamis mamis ini taozi,這桃子非常甜。
ana maahan azawzaw hann.,「別亂騙人。」,Mai luan pian tau.,別亂騙人。
atun ohoni medeken yaku a tatoko.,「Atun 現在在撿我的拐杖。」,Atun hanini mipulot guaizhang-ku.,Atun 現在在撿我的拐杖。
imini ka uzay yaku a beleben.,「這不是我的香蕉。」,ini asi iku a pisang.,這不是我的香蕉。
yaku ini meken sumay.,「我沒有吃飯。」,yaku adi mangan,我沒有吃飯。
ana mukusa!,「別去！」,aca kida!,別去！
yaku mayaw meken.,「我還沒吃。」,Yaku adi pa mangan.,我還沒吃。
kuang a udan lia.,「沒有雨了。」,ini udan na,沒有雨了。
yaku a aba ka nang a musinaw yaku a siatu.,「我的爸爸不要洗我的衣服。」,Ama-ku ini manga laba kamis-ku.,我的爸爸不要洗我的衣服。
akhéhén mamek axaxay.,「小孩什麼都不懂。」,Wawa ini mita nima.,小孩什麼都不懂。
yaku ka mineken lia.,「我吃完了。」,yaku mikani ini,我吃完了。
yaku a suazi mudawan ka maida.,「我的弟弟洗澡很快。」,Adik=ku mavasu madali-dali.,我的弟弟洗澡很快。
yaku ka kaxabu a saw.,「我是噶哈巫人。」,iku Kaxabu tau.,我是噶哈巫人。
yaku ka meken sumay.,「我在吃飯。」,yaku kaen,我在吃飯。
imini ka uzay yaku a beleben.,「這不是我的香蕉。」,Iza aini pisang-ku.,這不是我的香蕉。
yaku a aba ka maida a muzakay.,「我的爸爸走路很快。」,ama-ku malakaw miskis.,我的爸爸走路很快。
yaku a apu madiak a muzakay.,「我的祖父走路很慢。」,Apu=ku lumaka matedek.,我的祖父走路很慢。
yaku nahaza mama iu iah.,「我有哥哥和姊姊。」,iai kaka ku ani kaka ku,我有哥哥和姊姊。
muzakay iu maxidaxang haka asikit a punu lia.,「走路和流汗就頭痛了。」,"Milalan ka mipawis, masakit ulun-ku na.",走路和流汗就頭痛了。
isiw ka haaput meken dadas iu dukun?,「你是要吃番薯還是芋頭？」,isu kaen kamote o tales?,你是要吃番薯還是芋頭？
"yaku haaput mukusa binayu iak, iu ana mukusa iak?",「我要去好，還是不要去好？」,yaku lako o ini lako?,我要去好，還是不要去好？
"ohoni mudan liaka yaku nang a mukusa mikita umama, iu nang a mukusa maahadas.",「現在下雨了，我不想去看田，也不想去玩。」,"Niana ma-udan, aku ini qemang mita uma, ka ini qemang susa la.",現在下雨了，我不想去看田，也不想去玩。
"imini a saw dahu a pai, kulaka ini mahabay a hinis.",「這個人很有錢，但是不快樂。」,"Ini a tau adu pisin, ta aini malipai.",這個人很有錢，但是不快樂。
"ohoni liaka nahaza dalum kula, kuang a alaw lia.",「現在雖然有水，但沒有魚了。」,"Kaini iza danum, miza sikan tu.",現在雖然有水，但沒有魚了。
anani!,「唉唷！」,aiyo!,唉唷！
anani kuadeng!,「唉唷喂呀！」,ai!,唉唷喂呀！
alasay!,「好險！」,masial!,好險！
"masu wazu mukusa binayu mungazip bauzak, ilis haki niam a apuapu.",「我們的祖先會帶狗去山上咬豬、羊。」,ni apu ta m-dala wasu tu rayax m-kagat babuy tan yang,我們的祖先會帶狗去山上咬豬、羊。
mungazip yaku haki wazu.,「狗咬我。」,Asu kagat saku.,狗咬我。
mataw a mulaliw liaka mauit liaki humak.,「大地震（發生後），房子就倒了。」,"Ini da dizhen, ruma madaw.",大地震（發生後），房子就倒了。
mupayak liaki yaku a siatu.,「我的衣服濕了。」,iku a yifu mabasaw.,我的衣服濕了。
muasak liaki laladan.,「桌子壞掉了。」,zhuozi mapus.,桌子壞掉了。
mututing yaku haki atun.,「Atun 打我。」,Baki-un yaku ni Atun.,Atun 打我。
tuting’en ni aba lia.,「被爸爸打了。」,palu-en ni ama,被爸爸打了。
yami a eten nahaza tuu a atun.,「我們的村莊有三個 Atun。」,Iza turu a Atun i banua-ta.,我們的村莊有三個 Atun。
yami sianglukus malaleng kaidi abaxan.,「我們守城（的人）住在北邊。」,Ita a shoucheng i beibian.,我們守城（的人）住在北邊。
"baisia a eten, kaidi ahut.",「牛眠庄在西邊。」,Niumianzhuang i xibian,牛眠庄在西邊。
yami ka kaidi daya mupuza.,「我從比較高的、東邊來的。」,Iku inmali tu matadaw a kaqiting.,我從比較高的、東邊來的。
yaku haaput mukusa masulohong maahadas.,「我想去中國玩。」,Aku balay musa Tiong-kok malahi.,我想去中國玩。
isiw ka yaku a dakan.,「你在我的前面。」,isu i unahan no aku.,你在我的前面。
isiw ka yaku a aubin.,「你在我的後面。」,isu i quri’ ku.,你在我的後面。
"kaidi laladan a babaw, nahaza beleben.",「在桌上，有香蕉。」,I lamesa iza saba.,在桌上，有香蕉。
kalikut ka kaidi amihan.,「大湳在南邊。」,Danan i nanbian.,大湳在南邊。
taumin ka daya taating.,「蜈蚣崙東邊一些。」,quri i Wugonglun musa,蜈蚣崙東邊一些。
dadas kaidi umama.,「番薯在田裡。」,Kumara i uma.,番薯在田裡。
yaku maki mama mukusa binayu.,「我跟哥哥去山上。」,iza ni kaka mosa ta tanap,我跟哥哥去山上。
imisiw ka kaidi humak meken sumay lia.,「他在家裡吃飯了。」,kinan iya i ruma,他在家裡吃飯了。
imisiw ka kaidi taantaw siisinaw siatu.,「他在水溝洗衣服。」,iya misintak i kangka.,他在水溝洗衣服。
sasunan ka atun mukusa umama.,「早上阿敦有去田裡。」,Zaoshang A-tun musa i uma.,早上阿敦有去田裡。
ahuan ka dahu a saw haaput mudawan.,「晚上很多人要洗澡。」,"Rabi, rami a utaw saka miwasu.",晚上很多人要洗澡。
"ohoza ka kuang a saanu mukukusa, paxuma mulasi eezaw.",「以前沒有什麼工作，種稻子而已。」,"Makuda taya ulih, mitanom pajay la.",以前沒有什麼工作，種稻子而已。
atun ohoni medeken yaku a tatoko.,「Atun 現在在撿我的拐杖。」,Niana mi-ala Atun baston-ku.,Atun 現在在撿我的拐杖。
kaidi meseket a daali mukusa ahong maa alaw.,「在休息的日子去溪裡抓魚。」,adlaw no pahinga umay tu karayan mang-ala ikan.,在休息的日子去溪裡抓魚。
pasaken daalian liaka mupuza humak meken sumay lia.,「到中午之後回家吃飯了。」,"Iza zhongwu, mibalay mangan na.",到中午之後回家吃飯了。
"imini dusa ka maxupapa muula, aubin liaka maatebetebe lia.",「這兩個先互罵，後來互捶。」,"ini dusa pina maki-saba, ruma maki-palu.",這兩個先互罵，後來互捶。
imini a dadas ka yaku a dadas.,「這番薯是我的番薯。」,ini a kumote ka kumote naku,這番薯是我的番薯。
imisiw a saw tangiti lia.,「那個人生氣了。」,iitu a tao matasang.,那個人生氣了。
mainu a iing ka haaput midem.,「腰痠就要睡覺。」,"Ini masakit a likud, turu.",腰痠就要睡覺。
mamuduk a kaaw lia. nang a muzakay lia.,「腳很腫了，不要走路了。」,"Isu saka mamaga na, mai talaw na.",腳很腫了，不要走路了。
dahu a paipai kaidi daan.,「很多車在路上。」,Adu kuruma i dalan.,很多車在路上。
mausay maa taating a dalum.,「去拿一些水。」,Ala tu danum.,去拿一些水。
yaku ka nahaza tuu a bauzak.,「我有三隻豬。」,Aku tolo a babuy.,我有三隻豬。
imini ka yaku a siatu.,「這是我的衣服。」,Ini baju ku.,這是我的衣服。
imini ka imisiw a beleben.,「這是他的香蕉。」,Ini xiangjiao-na.,這是他的香蕉。
ita ka tatawan a saw.,「咱們是台灣人。」,ita taiwan a tau,咱們是台灣人。
binayu nahaza binayu a bauzak.,「山上有山豬。」,i quri iza babuy a quri.,山上有山豬。
paxuma dalum a ali eezaw lia.,「（現在只有）種水筍而已了。」,Niya' maya' mqani shui-sun la.,（現在只有）種水筍而已了。
"kaidi laladan a babaw, nahaza beleben.",「在桌上，有香蕉。」,"i zhuozi, u xiangjiao.",在桌上，有香蕉。
ohoza saanu muzakay a daan tatiting eezaw.,「以前道路，小小的而已。」,"Luma tu lalan, madi’it la.",以前道路，小小的而已。
"kaidini a aitukuan, aa’en akhéhén lia.",「在這裡的椅子，被小孩拿走了。」,yizi tu itini alaen ni wawa,在這裡的椅子，被小孩拿走了。
kaidisiw a balan muzakay.,「在那裡的貓在走。」,umay pusi i ira.,在那裡的貓在走。
yami dusa ka hakezeng a saw.,「我們兩個是老人。」,ami a dusa ko mato'a,我們兩個是老人。
ita tuu ka tatawan a saw.,「咱們三人是臺灣人。」,Ita turu a tao Taiwan.,咱們三人是臺灣人。
imu dusa mikita iak liaka iak lia.,「你們兩個如果看好就好了。」,"nu isu dusa mita masep, masep.",你們兩個如果看好就好了。
mudan a daali ka yaku nang a mukusa maahadas.,「下雨的時候我不要去玩。」,"Budan a tohan, yaku ini qasa palah.",下雨的時候我不要去玩。
kaidi meseket a daali mukusa axung maa alaw.,「在休息的日子去溪裡抓魚。」,"Na rahan a mipahing, mala tu sapa takop ikan.",在休息的日子去溪裡抓魚。
mubaza matoway a saw mutahan dahu a pai haé.,「會唱歌的人賺很多錢呢。」,tao a makakanta ada pising a dakel ni.,會唱歌的人賺很多錢呢。
imini ka miadua a saw a beleben.,「這是那邊的人的香蕉。」,Ini saging na ira.,這是那邊的人的香蕉。
imisiw a akhéhan a siatu mupayak lia.,「那個小孩的衣服濕了。」,Mabasa ka yifu na ita wawa.,那個小孩的衣服濕了。
yaku haaput maa taating a selem mausay yaku a batan a humak.,「我要拿一點豬肉去我朋友家。」,Aku m-ala riki-riki babuy tu ruma ni piring-ku.,我要拿一點豬肉去我朋友家。
kaidini nahaza adade a lubahing a tulala.,「這裡有一朵紅花。」,Ini isa bulaq pulaq.,這裡有一朵紅花。
"uzay pato ohoni dahu a mataw a dalum, kuang a alaw saanu mukumuk.",「不像現在很多大的水，沒有魚可以抓。」,"Ini kaka itini, dakal a danum a mazaq, ini sikan a mahuli.",不像現在很多大的水，沒有魚可以抓。
musamian dahu a binayu a apuapu iu kaidi axung a apuapu.,「拜很多山上的祖先以及溪裡的祖先。」,mipasi manga anitu i quriq ma i karayan,拜很多山上的祖先以及溪裡的祖先。
imini a akhéhén mamais iak a hinis.,「這女孩心地很好。」,ini wawa babai pusu mapia.,這女孩心地很好。
yaku dahu a suazi mamais.,「我很多妹妹。」,adu adik babai-ku,我很多妹妹。
baba atun mukusa binayu mukukusa.,「Atun 伯伯去山上工作。」,Atun bobo musa takis mitrawaho.,Atun 伯伯去山上工作。
tata sabong ka mukusa mataw a axung maa alaw.,「Sabong 阿姨去大溪抓魚。」,Sabong Ayi musa ta Daxi mala sapal.,Sabong 阿姨去大溪抓魚。
dahu a angat sabong.,「很多 Sabong 的名字。」,Dakaw ngaran ni Sabong,很多 Sabong 的名字。
dahu a sabong a langat.,「很多 Sabong 的名字。」,Adu a ngaran ni Sabong.,很多 Sabong 的名字。
imini ka yaku mubaiw a beleben.,「這是我買的香蕉。」,ini kimtsio a m-in-bli=ku,這是我買的香蕉。
imisiw ka yaku a apu paxuma a kixiw.,「那是我祖母種的苧麻。」,Iri zhuma a tanem ni apu=ku.,那是我祖母種的苧麻。
ita ka tatawan a saw.,「我們是台灣人。」,Taywan a tao ita.,我們是台灣人。
yami dusa ka hakezeng a saw.,「我們兩個是老人。」,ita dusa vuvu,我們兩個是老人。
imisiw ka yaku a ina.,「她是我的母親。」,iya ina-ku.,她是我的母親。
imisiw ka yaku a aba.,「他是我的父親。」,Iza ama-ku.,他是我的父親。
imisiw ka yaku a aba.,「那是我的爸爸。／他是我的爸爸。」,ira ama-ku,那是我的爸爸。／他是我的爸爸。
imini ka yaku a batan.,「這是我的朋友。／他是我的朋友。」,Ini qaniq=ku.,這是我的朋友。／他是我的朋友。
imu ka kaidisiw mudok tamaku.,「他們在那裡抽菸。」,Ira misigarilyo uda.,他們在那裡抽菸。
"yaku ka kaidini mutuku, imu ka kaidisiw maahadas.",「我在這裡玩，他們在那裡玩。」,"yaku maliw ini, sira maliw ira.",我在這裡玩，他們在那裡玩。
imu ka utakay a saw.,「他們是客家人。」,ida kejia.,他們是客家人。
imu dusa mupuza yami a humak.,「你們兩個人來到我們的家。」,Kamu dusa mali di ruma kami.,你們兩個人來到我們的家。
imisiw ka mupuza kaidini maahadas.,「他（們）來這邊玩。」,mali qani musa,他（們）來這邊玩。
imisiw ka mausay humak lia.,「他（們）要回家了。」,iya sa mpuwi ruma,他（們）要回家了。
yaku saisiman isiw.,「我疼你。」,yaku suma su.,我疼你。
isiw saisiman yaku.,「你疼我。」,isu quni iku,你疼我。
yaku ka mamaneng a saw.,「我是男人。」,Yaku lalahi.,我是男人。
isiw ka mausay tshay?,「你要去哪裡？」,Mangay isu siani?,你要去哪裡？
imisiw adade mukusa mataw eten.,「他自己去街上。」,iya musa i lalan,他自己去街上。
ita ka tatawan a saw.,「咱們是台灣人。」,Ita tao ni Taiwan.,咱們是台灣人。
yami dusa ka hakezeng a saw.,「我們兩個是老人。」,Matua ita dusa.,我們兩個是老人。
imu dusa mupuza yami a humak.,「你們兩個人來到我們的家。」,Umali dusa a kamu i balay nami.,你們兩個人來到我們的家。
imu ka utakay a saw.,「他們是客家人。」,ira hakka.,他們是客家人。
mahabay ki yaku.,「我很舒服。」,iku masalu.,我很舒服。
nang a musapoh daxe haki yaku.,「我不要掃地板。」,ini iza msaw misapu diban,我不要掃地板。
iak a lama ki isiw.,「你真好命。」,isu mara homia.,你真好命。
kuang a pai saanu medepex haki yami.,「我們沒有錢可以讀書。」,Ita adai piso a mi-iskul.,我們沒有錢可以讀書。
iak a saanu mitun haki ita.,「咱們該起來了！」,Ita ma-tindeg!,咱們該起來了！
paka yaku matahatan haki imu.,「你們讓我很快樂。」,Kamu palipay aku.,你們讓我很快樂。
saw haaput mahatan yaku.,「人愛笑我。」,Tawa iku tawu.,人愛笑我。
yaku haaput isiw.,「我愛你。」,yaku ai isu.,我愛你。
pakatangiti ita haki taumala.,「政府讓咱們生氣。」,Zhengfu paka-saqi ita.,政府讓咱們生氣。
nita a takat mupuza kiikita yami.,「我們的老師來看我們。」,Tiser nami malai mita ami.,我們的老師來看我們。
mungazip yaku haki wazu.,「狗咬我。」,asu kagat yaku.,狗咬我。
mututing yaku haki atun.,「Atun 打我。」,Atun misapak yaku.,Atun 打我。
sinaw’en naki lia.,「被我洗了。」,laba-en ni aku,被我洗了。
salaman maa’en naki lia.,「碗被我拿了。」,ala-en ka uan ni aku.,碗被我拿了。
isiw a mizazuk a dalum dok’en yaku lia.,「你的水被我喝了。」,Iku n-inum danum su,你的水被我喝了。
muaxay ki nisiw a akhéhén mangit hann?,「為什麼你的小孩在哭？」,Nima miyal wawa no isu?,為什麼你的小孩在哭？
tuting’en yaku hann.,「被我打了。」,palu-en=ku,被我打了。
imini a wazu ka saanu imisiw mututing.,「這隻狗被他打。」,asu ini palu-en ni iya,這隻狗被他打。
nisiw a dalum saana yaku mudok lia.,「你的水被我喝了。」,Danum nu isu inum-en ni yaku.,你的水被我喝了。
imini a saw ka musakaw naki a pai.,「這個人偷我的錢。」,Iza a tauso m-ala piso-ku.,這個人偷我的錢。
imini ka nisiw a tatoko.,「這是你的拐杖。」,Ini su guaizhang.,這是你的拐杖。
imini ka nita a beleben.,「這是我們的香蕉。」,Ini xiangjiao ni ami,這是我們的香蕉。
niam a takat mututing atun lia.,「我們的老師打 Atun 了。」,Minsutaq rausi-ta ci Atun.,我們的老師打 Atun 了。
imini ka nimu a beleben say?,「這是你們的香蕉嗎？」,ini a musa no kamu?,這是你們的香蕉嗎？
imini a saw ka musakaw naki a pai.,「這個人偷我的錢。」,ini a tao ala cinn ni yaku.,這個人偷我的錢。
imini ka naki a siatu.,「這是我的衣服。」,Ini simay ku.,這是我的衣服。
imini ka yaku a siatu.,「這是我的衣服。」,ini a kawas ku,這是我的衣服。
mupuza siw say?,「你來了嗎？」,Musa isu?,你來了嗎？
yaku mausay nisiw a humak.,「我要去你那裡。」（我要去你家）,aku musa tu su luma,我要去你那裡。」（我要去你家）
isiw mupuza yaku a humak.,「你來我這裡。」（你來我的家）,Isu mali ta ruma-ku.,你來我這裡。」（你來我的家）
yaku a aba mututing yaku.,「我的爸爸打我。」,Palu yaku ama-ku.,我的爸爸打我。
imini ka isiw a beleben say?,「這是你的香蕉嗎？」,ini pisang su?,這是你的香蕉嗎？
imini ka imisiw a wazu.,「這是他的狗。」,Ini asu na.,這是他的狗。
imini ka yami a beleben.,「這是我們的香蕉。」,ini ita a saging.,這是我們的香蕉。
imini a dukun ka yaku a dukun.,「這芋頭是我的芋頭。」,Ini tales ka tales ni yaku.,這芋頭是我的芋頭。
imini ka dukun.,「這是芋頭。」,Ini a talo.,這是芋頭。
imini ka yaku a siatu.,「這是我的衣服。」,Ini ku-kawas.,這是我的衣服。
imisiw ka dadas.,「那是番薯。」,iya a kumala.,那是番薯。
imisiw ka yaku a wazu.,「那是我的狗。」,iri asu-ku,那是我的狗。
imini a akhéhén ka alia makuala lia.,「這個小孩快跌倒了。」,ini anak kana faladop na,這個小孩快跌倒了。
imisiw a saw tangiti lia.,「那個人生氣了。」,kana a tau mabaiz ni,那個人生氣了。
imisia a akhéhén mamais ka nang a talima malaleng.,「那個女孩不想自己住。」,Ira a wawa a babai ayaw m-istay isa.,那個女孩不想自己住。
usa sinaw’ina!,「請去洗！」,musa palis!,請去洗！
pakamaziah’i!,「讓（它）熟！」,pamasaq!,讓（它）熟！
yaku ini meken dadas.,「我沒吃番薯。」,Iyaku aci kaen pakay.,我沒吃番薯。
yaku ini mahabay.,「我不舒服。」,iku masakit,我不舒服。
ana mukusa!,「別去！」,maka mulak!,別去！
ana mahuik!,「別那麼懶惰！」,Maka mapizukan!,別那麼懶惰！
pakahalipit’ina!,「請薄一點！」,panipis idak!,請薄一點！
yaku kalamik’en lia.,「我受寒了。」,iku malitemay na.,我受寒了。
pazakay’ina!,「請讓（他）走！」,pa-musa' ciya!,請讓（他）走！
yaku a pai deken’en naki a baba lia.,「我的錢被我的伯父撿到了。」,kaka ni yaya ni yaku n-ala qani’ ni yaku,我的錢被我的伯父撿到了。
maakuat azawzaw lia.,「隨便亂講了。」,m-iza-iza,隨便亂講了。
yaku maakux azawzaw.,「我非常熱。」,ma-inidinid yaku,我非常熱。
mudan lia.,「下雨了。」,maqani,下雨了。
kaidisiw a balan muzakay.,「在那裡的貓走。」,ira a pusi mangay,在那裡的貓走。
yaku mudawan muuput lia.,「我洗澡洗好了。」,Aku ini musa.,我洗澡洗好了。
yaku a apu kaidi angasat midem.,「我的祖母在床上睡覺。」,Apu-ku turu i kama.,我的祖母在床上睡覺。
imu ka kaidisiw mudok tamaku.,「他們在那裡抽菸。」,Masiga ira i ira.,他們在那裡抽菸。
balan mukumuk titay.,「貓抓老鼠。」,pusi masaput koyos.,貓抓老鼠。
imisiw ka mututing wazu.,「他打狗。」,Isia m-palu asu.,他打狗。
yaku mubaxa isiw pai.,「我給你錢。」,iku bizaq isu kane.,我給你錢。
yaku meken lia.,「我吃了。」,minakan yaku.,我吃了。
yaku meken dadas lia.,「我吃番薯了。」,iaku makan kumala ini.,我吃番薯了。
pakamataw’ina!,「請讓（它）大一點！」,pa-dakel-en!,請讓（它）大一點！
pakahalupat’ina!,「請讓（它）長一點！」,pa-lubu pisa!,請讓（它）長一點！
pakalalima’ina!,「請讓（它）便宜一點！」,Pamura a isa!,請讓（它）便宜一點！
yaku ka ini makuit.,「我沒有瘦。」,Yaku adu shou.,我沒有瘦。
kahuy ka ini halupat.,「樹不長。」,kahiw ini tubu.,樹不長。
ini asikit sasay’en a mutapik imini?,「沒有痛怎麼貼這個？」,"au masakit, naima m-tepu ini?",沒有痛怎麼貼這個？
isiw mausay humak ana maida!,「你回家別那麼快！」,Musa' pasiq umay tu ruma'!,你回家別那麼快！
pakahatiken’ina! ana halupas!,「請短一點！別那麼長！」,"Palili’ la, musa qalang la!",請短一點！別那麼長！
ana baget isiw hann!,「你別那麼胖哦！」,Musa isu pang o!,你別那麼胖哦！
mainu azawzaw.,「非常酸。」,dau masem,非常酸。
halupat azawzaw.,「非常長。」,tsin masalu.,非常長。
"yaku a kaaw asikit azawzaw, nang a muzakay lia.",「我的腳非常痛，不能走。」,"Masakit-sakit ku saka, ini mliyaw.",我的腳非常痛，不能走。
tapulu madiak yami a kaxabu.,「漢人討厭我們噶哈巫。」,Hanren taoyan ita Kaxabu.,漢人討厭我們噶哈巫。
imini ka muula maisat imisiw.,「他先罵他。」,Iya musa ma iya.,他先罵他。
isiw haaput tulala bo?,「你想要花嗎？」,isu kaya qwas?,你想要花嗎？
yaku kalamik’en lia.,「我受寒了。」,masaniq iza a.,我受寒了。
yaku ohoni kamaakux’en lia.,「我今天熱到了。」,Hanini yaku mainit.,我今天熱到了。
imini a saw kabusukan lia.,「這個人酒醉了」,uminum adu ini tao la,這個人酒醉了
mituku lia.,「坐了。」,mintuduk.,坐了。
usa midem!,「去睡！」,turuq!,去睡！
idem’ina!,「請睡！」,turu!,請睡！
mukusa binayu madu tilikas.,「去山上放陷阱。」,Mala i babaw mitesek.,去山上放陷阱。
isiw a pai adu’i iak hann.,「你的錢放好哦！」,Sapep maayo piso su!,你的錢放好哦！
ohoni ini mudan.,「今天沒下雨。」,Anini sa’a udan.,今天沒下雨。
ohoni ka kuang a udan.,「今天沒有雨。」,Anini miza uran.,今天沒有雨。
mungazip yaku haki wazu.,「狗咬我。」,Asu kagat yaku.,狗咬我。
mututing yaku haki atun.,「Atun 打我。」,Atun mibabak kaniaku.,Atun 打我。
yaku mudok isiw a mizazuk a dalum.,「我喝你的水。」,Uminum yaku danum ni isu.,我喝你的水。
yaku mukusa musapoh daan.,「我去掃馬路。」,Iku mangay misapu tu dalan.,我去掃馬路。
titay ngazip’en ni balan lia.,「老鼠被貓咬了。」,Kinagat ni pusa i daga.,老鼠被貓咬了。
yaku a balax ka sakaw’en saw lia.,「我的工具被人偷了。」,tinakaw gongju-ku,我的工具被人偷了。
salaman maa’en naki lia.,「碗被我拿走了。」,tasa ala-en ni aku,碗被我拿走了。
yaku a aitukuan doko’en saw lia.,「我的椅子被人抬走了。」,inala isu=ku,我的椅子被人抬走了。
binayu a bauzak kumuk’en naki a aba lia.,「山豬被我父親抓到了。」,Babuy a tano na-sap-en ni ama=ku.,山豬被我父親抓到了。
tuting’en ni aba lia.,「被父親打了。」,palu-en ni ama,被父親打了。
tuting’en saw lia.,「被人打了。」,ini patek-en ni tao.,被人打了。
sinaw’en naki lia.,「被我洗了。」,laba-en ni aku,被我洗了。
doko’en saw lia.,「被人舉走了。」,ala-en ni tau.,被人舉走了。
mudok’en saw lia.,「被人喝了。」,inumen ni iza,被人喝了。
maa’en liaki salaman.,「碗被（我）拿走了。」,wan na-ala-en=ku,碗被（我）拿走了。
ngazip’en lia.,「被咬了。」,k-in-agat-en,被咬了。
sakaw’en lia.,「被偷了。」,naalaen,被偷了。
imini a wazu saanu imisiw mututing.,「這隻狗被他打。」,tukul-en ni iya ini a asu,這隻狗被他打。
yaku saana hazian a saw maahan lia.,「我被壞人騙了。」,Sbiyax-un yaku ni tau a adi mapia,我被壞人騙了。
nisiw a saabazu aitanana!,「你的肥皂請給我！」,sabon a isu hoo aku!,你的肥皂請給我！
muasak liaki aitukuan.,「椅子壞掉了。」,Isu maqabu'.,椅子壞掉了。
imini ka saanu siisinaw buxu.,「這用來洗身體。」,Ini tu mqoni bahi.,這用來洗身體。
yaku nahaza tuu a saanu biibizu.,「我有三枝用來寫的。」,wada turu a ka-sulat=ku,我有三枝用來寫的。
isiw ka nahaza saanu mutapok a ahan a lalawa bo?,「你有用來摀嘴的布（口罩）嗎？」,isu ka kouzhao?,你有用來摀嘴的布（口罩）嗎？
aba mututing akhéhén.,「父親打小孩。」,Ama mpalu sunis.,父親打小孩。
yaku a pai deken’en naki a baba lia.,「我的錢被我的伯父撿到。」,cini-ku na-ala ni kaka na ama-ku.,我的錢被我的伯父撿到。
maudanay lia.,「要下雨了。」,m-udan na.,要下雨了。
mudan lia.,「下雨了。」,uran iza.,下雨了。
pasakenay lia.,「將要到了。」,midatang hanini,將要到了。
pasaken lia.,「到了。」,ita ini.,到了。
alia mudan lia.,「要下雨了。」,Ma-udan ini.,要下雨了。
imini a akhéhan ka alia makuala lia.,「這個小孩要跌倒了。」,wawa ini mukidaw la.,這個小孩要跌倒了。
alia maziah lia.,「要熟了。」,kani matu na.,要熟了。
alia makait lia.,「要乾了。」,masipaq nia.,要乾了。
alia lia.,「差不多了。」,asaq na,差不多了。
alia mausay lia.,「（我）差不多要去了。」,Mangay na.,（我）差不多要去了。
alia pasakenay lia.,「差不多要到了。」,musa ma-tama la.,差不多要到了。
alia haaput midem lia.,「（我）差不多要睡了。」,Yaku musa squliq.,（我）差不多要睡了。
"kaidi tshay a teehen a uung lia, alia haaput mudan lia.",「在某處雲很黑了，差不多要下雨了。」,"Nubu maitem, qasi ma-udan.",在某處雲很黑了，差不多要下雨了。
mainu a iing ka haaput midem.,「腰痠就要休息。」,"Sakit ka liyaw, musa busax.",腰痠就要休息。
saw haaput mahatan yaku.,「人愛笑我。」,Tau matenay ka yaku.,人愛笑我。
yaku haaput isiw.,「我愛你。」,aku ai isu.,我愛你。
haaput mudan lia.,「要下雨了。」,ma-uran la.,要下雨了。
haaput mupuza lia.,「要來了。」,malai na.,要來了。
haaput mudawan.,「要洗澡。」,musa mqawas.,要洗澡。
haaput mudan lia.,「要下雨了。」,m-udan la.,要下雨了。
yaku a aba mayaw meneken.,「我的父親還沒吃完。」,ama-ku iza pa makan.,我的父親還沒吃完。
yaku meken dadas lia.,「我吃番薯了。」,iku minaen kociu.,我吃番薯了。
niam a takat mututing atun lia.,「我們的老師打 Atun 了。」,Singsi no ita mipalu Atun.,我們的老師打 Atun 了。
tuting’en nisiw a aba lia.,「被你父親打了。」,palu-en ni ama=su,被你父親打了。
yaku a balax ka sakaw’en saw lia.,「我的工具被人偷了。」,Gongju ku niawaten na tawu.,我的工具被人偷了。
yaku a aba meneken lia.,「我的父親吃完了。」,ama=ku kaen nia,我的父親吃完了。
meneken liaki yaku.,「我吃完了。」,mangan na yaku,我吃完了。
yaku haaput midem lia.,「我想要睡了。」,Iku qnahan maturog la.,我想要睡了。
yaku mausay humak lia.,「我要回家了。」,iku muliq.,我要回家了。
mudan lia.,「下雨了。」,mi-udan.,下雨了。
mabusuk lia.,「醉了。」,manguy yaku.,醉了。
tia lia.,「走了。」,ini manga,走了。
mudawan muuput lia.,「（我）洗完澡了。」,yaku misusu ini,（我）洗完澡了。
muuput a mudawan lia.,「（我）洗完澡了。」,midusa aku liaw,（我）洗完澡了。
yaku a aba mukukusa iak lia.,「我的父親工作好了。」,ama=ku pina macowa,我的父親工作好了。
musinaw iak liaka mausay palizak a lizak lia.,「洗好然後要去曬太陽了。」,Misusu na mangay pazalaw la.,洗好然後要去曬太陽了。
mudawan iak lia iu mayaw?,「洗好了還是還沒？」,mita masasu o ini pa?,洗好了還是還沒？
yaku a apu mudawan iak lia.,「我的祖父洗澡洗好了。」,apu-ku misasaw iza,我的祖父洗澡洗好了。
yaku kiikita babizu.,「我正在看書。」,Iku mita sa patas.,我正在看書。
yaku haaput mikita isiw.,「我想要看你。」,aku kakaay maita isu.,我想要看你。
yaku deedepex.,「我在讀書。」,Iku mita libru.,我在讀書。
yaku a aba masu yaku mukusa medepex.,「我的爸爸帶我去讀書。」,Ama-ku dama iku i sikolan.,我的爸爸帶我去讀書。
yaku a ina taatalek a saaken.,「我的母親正在煮菜。」,Iza ina-ku mi-lutu.,我的母親正在煮菜。
yaku mausay mutalek a sumay.,「我要去煮飯。」,iza malutu qanin,我要去煮飯。
kaidisiw tuutuun hapuy haka yaku a suazi mamais.,「在那邊正在起火的人就是我的妹妹。」,ira a mangapuy isaw ading=ku a vavay.,在那邊正在起火的人就是我的妹妹。
isiw a apu ka duila tshay?,「你的祖父去哪裡？」,Apu nu su musa inu?,你的祖父去哪裡？
kaidi angasat maidem.,「在床上睡覺。」,musaq i peta,在床上睡覺。
atun midem mades lia.,「Atun 睡很久了。」,Atun maturu lawa na.,Atun 睡很久了。
yaku maituku kaidini.,「我正坐在這裡。」,yaku mitingil i dini,我正坐在這裡。
yaku mituku kaidini.,「我坐在這裡。」,yaku tuduk tini,我坐在這裡。
paihélut lia.,「在尿尿了。」,mipisin aku.,在尿尿了。
péhélut iak liaka haaput musinaw ima.,「尿尿之後要洗手。」,"Ru niau-niao, musa misalu no lima do.",尿尿之後要洗手。
maudan lia.,「正在下雨了。」,m-udan.,正在下雨了。
mudan lia.,「下雨了。」,ma-udan.,下雨了。
yaku ohoni kiikita babizu.,「我現在在看書。」,Haniya yaku mita’ ceh.,我現在在看書。
yaku ohoni meken sumay.,「我現在在吃飯。」,Ini aku makan kanen.,我現在在吃飯。
atun ohoni medeken yaku a tatoko.,「Atun 現在在撿我的拐杖。」,Hianzai m-ala Atun ku guaizhang.,Atun 現在在撿我的拐杖。
usa mikita nuang hann!,「去看牛喔！」,Mangay mita baka!,去看牛喔！
usa aai tadaw hann!,「去拿刀喔！」,Mangay ala pisaw o!,去拿刀喔！
yaku mukusa mikita atun.,「我去看 Atun。」,yaku musa mita Atun,我去看 Atun。
dawan’i na!,「請洗澡！」,Malanus!,請洗澡！
zakay’i na!,「請走路！」,Malakat!,請走路！
taxa’i yaku na!,「請等我一下呀！」,hulat-en aku!,請等我一下呀！
sapik’i iu!,「貼藥！」,tie yao!,貼藥！
usa sinaw’i naki a siatu na!,「請去洗我的衣服！」,Musa m-laba ku badu!,請去洗我的衣服！
zuzut’i saaken iu sumay na!,「請裝菜和飯！」,Panga’ cai ka fan!,請裝菜和飯！
sinaw’i siatu!,「洗衣服！」,Laba tu kawas!,洗衣服！
sinaw’i siatu na!,「請洗衣服！」,Musa badu!,請洗衣服！
isiw a pai suzuk’i!,「你的錢藏起來！」,Siqaw sarapi ni isu!,你的錢藏起來！
isiw meken dahu hann!,「你要吃多一點喔！」,isu kan musa' o!,你要吃多一點喔！
alo tumala’ina!,「請來聽！」,Misa dengil!,請來聽！
alo sazek’ina!,「請來聞！」,mali longo!,請來聞！
huailo midem!,「快睡！」,turu la!,快睡！
huailo meken!,「快吃！」,Kaen!,快吃！
isiw pakinakaw!,「你慢慢地。」,Malumu isu.,你慢慢地。
pakinakaw a meken!,「慢慢吃！」,mangan misangay!,慢慢吃！
yaku talima eezaw mupuza mikita atun haé.,「我自己來看 Atun 而已喔。」,Iku mali mita Atun kani.,我自己來看 Atun 而已喔。
yaku a suazi meken ka maida hann.,「我的弟弟吃很快哦。」,adiku m-angan mrapit o,我的弟弟吃很快哦。
yaku a apu madiak a muzakay.,「我的祖父走路走很慢。」,Apuku zoulu hen man.,我的祖父走路走很慢。
ana midem!,「別睡！」,mai maturu!,別睡！
idem’ina!,「請睡！」,turu!,請睡！
ana meken putian a iu!,「別吃毒品！」,Musa kaen dupin!,別吃毒品！
alo meken’i sumay!,「來吃飯！」,mkaen ita!,來吃飯！
yami mututing a akhéhén.,「我們打小孩。」,Ita palu wawa.,我們打小孩。
yaku musapoh a humak.,「我掃家裡。」,aku misapu i ruma.,我掃家裡。
aba mututing yaku.,「父親打我。」,ama palo yaku.,父親打我。
balan mukumuk titay.,「貓抓老鼠。」,Pusa dakop tikus.,貓抓老鼠。
yaku ka meken sumay.,「我吃飯。」,ku m-akan,我吃飯。
imini ka musakaw yaku a pai.,「他偷我的錢。」,Iya nikaw tsian=ku.,他偷我的錢。
yaku a aba ka maida a muzakay.,「我的父親走路很快。」,Ama=ku malakal masapad.,我的父親走路很快。
yaku a aba muzakay maida.,「我的父親走路很快。」,ama-ku mangay mabrkis.,我的父親走路很快。
mades a mituku lia.,「坐很久了。」,tengil tirengay ini.,坐很久了。
mituku mades.,「坐很久。」,m-upu-upu,坐很久。
"yaku a kaaw asikit azawzaw, nang a muzakay lia.",「我的腳非常痛，不能走。」,"Matu masakit saka-ku, yaku ini makalako.",我的腳非常痛，不能走。
yaku maakux azawzaw.,「我非常熱。」,Mabanasbanas ku.,我非常熱。
yaku haaput maa taating a selem mausay yaku a batan a humak.,「我要拿一些豬肉去我的朋友的家。」,Aku mala kisay a babuy i ruma ni saki ni aku.,我要拿一些豬肉去我的朋友的家。
yaku a aba mahabay taating lia.,「我的父親舒服些了。」,ama-ku mahayaw kaka la,我的父親舒服些了。
yaku ka tahayak taating.,「我有一點累。」,iku malungus isa.,我有一點累。
meken dahu liaka baget taating lia.,「我吃很多然後變胖一些了。」,aku makan adu na tumaba saza,我吃很多然後變胖一些了。
midem taating.,「（我）睡一些。」,Mituru sazik.,（我）睡一些。
meseket taating.,「（我）休息一些。」,mispiq sazi.,（我）休息一些。
seket’i taating hann!,「休息一些哦！」,turuq dikiq a!,休息一些哦！
yaku mausay medepex.,「我要來去讀書。」,Kaku musa iskul.,我要來去讀書。
yaku mubaza mukawat kaxabu a ahan.,「我會說噶哈巫的話。」,Yaku quri Kaxabu.,我會說噶哈巫的話。
yaku haaput mikita isiw.,「我想要看你。」,iza ka mita isu,我想要看你。
yaku midahin.,「我感到驚嚇。」,iku matakut.,我感到驚嚇。
atun paidahin yaku.,「Atun 讓我感到驚嚇。」,Atun patakaw aku.,Atun 讓我感到驚嚇。
yaku a takat pasibaza yaku matoway.,「我的老師教我唱歌。」（字面：我的老師使我會唱歌）,Sinsi=ku pa-maka-kanta iku.,我的老師教我唱歌。」（字面：我的老師使我會唱歌）
yaku mubaza mukawat kaxabu a ahan.,「我會講噶哈巫的話。」,Yaku makavasa Kaxabu.,我會講噶哈巫的話。
pazakay haka mubaza.,「讓（他）走路，（他）就會知道。」,"Ipa iya milalan, iya ma-ita.",讓（他）走路，（他）就會知道。
"yaku a kaaw magizem hann, haaput muzakay.",「我的腳很健壯哦，愛走路。」,"Ku saka masiduq la, iku kaila m-laka’.",我的腳很健壯哦，愛走路。
pakamasezaw a nisiw a beket na!,「把你的頭髮弄乾淨一點吧！」,Bliq-en buhuq su diit la!,把你的頭髮弄乾淨一點吧！
yaku dauik ma ini mikita masezaw.,「我眼睛也沒有看清楚。」,Mata ni yaku ka’ay ini mita masaya.,我眼睛也沒有看清楚。
isiw ka tahayak say?,「你累嗎？」,mapais isu?,你累嗎？
pakahalupat taating ka iak a saanu mikita.,「（你）讓（它）長一點，較好看。」,"Pahaba sii, mapia na.",（你）讓（它）長一點，較好看。
patakan ka halupas.,「竹子很長。」,Kawayan malabalaba.,竹子很長。
biluan pakamuaping yaku a ukut.,「Biluan 弄破我的褲子。」,Saqiq-en ni Biluan subun-ku.,Biluan 弄破我的褲子。
isiw a ukut muaping lia.,「你的褲子破掉了。」,Mabusaq i patalun su.,你的褲子破掉了。
imisiw a akhéhén a siatu mupayak lia.,「那個小孩的衣服濕了」,Mabasa bahi ni mita a qanakan.,那個小孩的衣服濕了
aba mututing yaku.,「父親打我。」,Matek ama aku.,父親打我。
atun paidahin yaku.,「Atun 讓我感到驚嚇。」,Matakut yaku ci Atun,Atun 讓我感到驚嚇。
paidahin yaku liaki atun.,「Atun 讓我感到驚嚇了。」,Atun pakengaw aku.,Atun 讓我感到驚嚇了。
pakatangiti ita haki taumala.,「政府讓我們生氣。」,Sefu paka-musaq ita.,政府讓我們生氣。
atun paka yaku a siatu teehen.,「Atun 讓我的衣服變黑。」,Atun pahei yifu ku.,Atun 讓我的衣服變黑。
atun paka yaku mudok dalum.,「Atun 讓我喝水。」,Atun paminum yaku danum.,Atun 讓我喝水。
apu tahayak.,「祖父很累。」,Apu sau hingu.,祖父很累。
paka tangiti ita haki taumala.,「政府讓我們生氣。」,zhengfu pa-shengqi ita,政府讓我們生氣。
paka ita tangiti haki ohoni a taumala.,「現在的政府讓我們生氣。」,Itaiza a zhengfu paka-saqi ita do.,現在的政府讓我們生氣。
"yaku a mama madiak yaku a suazi, pakamangit.",「我的哥哥討厭我的弟弟，把（他）弄哭。」,"kaka-ku ayaw adi-ku, pa-iyak iya.",我的哥哥討厭我的弟弟，把（他）弄哭。
yaku a mama ka paka yaku a suazi mangit.,「我的哥哥讓我的弟弟哭。」,mi-pa-iyak kaka=ku adi=ku,我的哥哥讓我的弟弟哭。
paka isiw mahabay taating.,「讓你舒服一點。」,pamapia isu diit,讓你舒服一點。
paka nita umu maziah.,「讓咱們的粿熟。」,pamasu-en kue no ita,讓咱們的粿熟。
atun paka yaku a siatu teehen.,「Atun 讓我的衣服變黑。」,Atun paka-hei ku yifu.,Atun 讓我的衣服變黑。
paka bauzak meken.,「讓豬吃。」,Pa-kan babuy.,讓豬吃。
yaku a aba paka yaku mukusa medepex.,「我的父親讓我去讀書。」,Ama ni yaku pa-musa yaku mi-iskul.,我的父親讓我去讀書。
apu ka paka yaku mubaza kaxabu a ahan.,「祖父讓我知道噶哈巫語。」,Apu ku pa-ita yaku sowal no Kaxabu.,祖父讓我知道噶哈巫語。
yaku a mama ka paka yaku a suazi mangit.,「我的哥哥讓我的弟弟哭。」,m-pa-tangis kaka-ku wawa-ku.,我的哥哥讓我的弟弟哭。
paka yaku matahatan haki imu.,「你們讓我高興。」,palipayen aku ni kamu,你們讓我高興。
atun paka yaku mudok dalum.,「Atun 讓我喝水。」,Atun painum aku ranum.,Atun 讓我喝水。
paka ita tangiti haki ohoni a taumala.,「現在的政府讓咱們生氣。」,Xianzai a zhengfu rang ita shengqi.,現在的政府讓咱們生氣。
pazakay’ina!,「請讓（他）走路！」,pakalakat iya!,請讓（他）走路！
pakita’ina!,「請讓（他）看！」,pita!,請讓（他）看！
pakan’ina!,「請讓（他）吃！」,pamakan iya!,請讓（他）吃！
nisiw a sibabun pakamataw’i haka saanu mutahay.,「讓你的鴨子大一點比較好殺。」,"Pakazua a patek no isu, mahay a buno.",讓你的鴨子大一點比較好殺。
pakahatiken’ina! ana halupas!,「請讓（它）短一點！不要長！」,"Pakaliti, miza laba!",請讓（它）短一點！不要長！
pakaisilaw’ina!,「請讓（它）白一點！」,Pa-lbux-en iya musa'!,請讓（它）白一點！
paka nita eten a saw maxuiakiak’i!,「讓我們村莊的人健壯！」,Pakawas tawo na banua ta!,讓我們村莊的人健壯！
pakita’ina!,「請讓（他）看！」,paita!,請讓（他）看！
paakita’ina!,「請讓（兩人）相看。」,pa-si-mita dusa a tao,請讓（兩人）相看。
yaku a aba iu yaku a ina maakudungkudung.,「我的父親和母親互（以棍）打。」,Ama-ku ma ina-ku maki-sapak ni kayu.,我的父親和母親互（以棍）打。
"imidusa ka maxupapa muula, aubin liaka maatebetebe lia.",「這兩個先互罵，後來互捶。」,"Ini dusa mansa maki-baqi, karia maki-buxul.",這兩個先互罵，後來互捶。
yaku a mama iu yaku a suazi kaidisiw maaexetexet.,「我的哥哥和我的弟弟在那邊互摔。」,kaka-ku ma adi-ku misa-sangal ira,我的哥哥和我的弟弟在那邊互摔。
niam a atun iu kaiditshay akhéhén mamais maakitakita lia.,「我們的 Atun 和哪邊的女孩相看了。」,Atun nami ma bahi na imaiza a raw mi-ita na.,我們的 Atun 和哪邊的女孩相看了。
mama iu suazi kaidisiw maadudundudun.,「哥哥和弟弟在那邊相推」,I ira kaka ku adi makitulak.,哥哥和弟弟在那邊相推
kaidisiw mitubi liaka maa tadaw maatahaytahay.,「在那邊生氣然後拿刀互殺。」,"Iri shengqi, mulima pisaw, sapamatey.",在那邊生氣然後拿刀互殺。
atun ka haaput biluan.,「Atun 愛 Biluan。」,Atun maka’ay Biluan.,Atun 愛 Biluan。
atun iu biluan maakahaaput.,「Atun 和 Biluan 相愛。」,Atun aw Biluan misalisi.,Atun 和 Biluan 相愛。
abuk iu atun maxupapa.,「Abuk 和 Atun 相罵。」,Abuk ini Atun misraw.,Abuk 和 Atun 相罵。
yaku a aba iu ina maxupapa.,「我的父親和我的母親相罵。」,tama-ku kap tina-ku misasu,我的父親和我的母親相罵。
atun ka maisat talima.,「Atun 罵自己。」,Atun musa sika.,Atun 罵自己。
atun ka mututing talima.,「Atun 打自己。」,Atun masapak Atun.,Atun 打自己。
atun haaput talima.,「Atun 愛自己。」,Atun ai ziji.,Atun 愛自己。
atun ka maisat talima.,「Atun 罵自己。」,Atun maki sadili.,Atun 罵自己。
atun ka maahan talima.,「Atun 騙自己。」,Atun misuad nia kaka.,Atun 騙自己。
atun ka maisat biluan.,「Atun 罵 Biluan。」,Atun ma Biluan.,Atun 罵 Biluan。
atun ka maahan talima.,「Atun 騙 Biluan。」,Mapian ci Atun ci Biluan.,Atun 騙 Biluan。
aba ka mututing talima a mamais.,「父親打自己的妻子。」,ama misapu vavayan ni iza.,父親打自己的妻子。
"ina ka nang a musinaw siatu, paka talima a akhéhén talima musinaw.",「母親不想洗衣服，讓自己的小孩自己洗。」,"Ina ini m-labu kuwas, pa-ila sunis na m-labu kuwas.",母親不想洗衣服，讓自己的小孩自己洗。
yaku a apu talima malaleng.,「我的祖父自己住。」,Apu ni yaku mi-isa.,我的祖父自己住。
yaku a apu talima mudawan.,「我的祖父自己洗澡。」,Musa’ apu=ku.,我的祖父自己洗澡。
atun ka talima mukusa madu tilikas.,「Atun 自己去放陷阱。」,Atun siki manga pabubu.,Atun 自己去放陷阱。
yaku talima mukusa mataw eten.,「我自己去街上」,yaku ini musa ni lalan,我自己去街上
apu ka talima meken eezaw.,「祖父自己吃而已。」,Apu kuman saisa la.,祖父自己吃而已。
atun ka talima mukukusa eezaw.,「Atun 自己工作而已。」,Atun kingcu ini.,Atun 自己工作而已。
yaku ka nang a talima meken.,「我不想自己吃。」,Yaku ini musa mangan maisa.,我不想自己吃。
"yaku a apu talima malaleng, iu talima meken eezaw.",「我的祖父自己住，也自己吃而已。」,"apu=ku misa i luma=na, ani misa mangan to.",我的祖父自己住，也自己吃而已。
imini ka dukun.,「這是芋頭。」,Ini a tales.,這是芋頭。
dukun haki imini.,「這是芋頭。」,Tales ini.,這是芋頭。
atun ka kaxabu a saw.,「Atun 是噶哈巫人。」,Atun Kaxabu a tao,Atun 是噶哈巫人。
kaxabu a saw ki atun.,「Atun 是噶哈巫人。」,Kaxabu ka Atun.,Atun 是噶哈巫人。
ita ka tatawan a saw.,「咱們是臺灣人。」,Ita tau ni Taiwan.,咱們是臺灣人。
yaku ka mamaneng a saw.,「我是男人。」,Yaku laki.,我是男人。
imisiw ka takat.,「他是老師。」,iya sinsi.,他是老師。
imini ka dukun.,「這是芋頭。」,Ini a tales.,這是芋頭。
imini a eten ka sianglukus.,「這個村莊是守城。」,Ini a banua a Shoucheng.,這個村莊是守城。
imisiw a saw ka atun.,「那個人是 Atun。」,ira Atun.,那個人是 Atun。
imini ka yaku a tatoko.,「這是我的拐杖。」,ini guaizhang-ku.,這是我的拐杖。
imini ka yaku a aba.,「這是我的爸爸。」,ini ama-ku.,這是我的爸爸。
imini ka yaku a aba a siatu.,「這是我爸爸的衣服。」,ini a bahi na ama-ku,這是我爸爸的衣服。
yaku (ka) mupuza lia.,「我來了。」,iza mali.,我來了。
atun (ka) mututing yaku.,「Atun 打我。」,Atun sabat yaku.,Atun 打我。
mupuza haki yaku.,「我來了。」,umali aku,我來了。
mututing yaku haki atun.,「Atun 打我。」,i Atun patik kani aku.,Atun 打我。
baget haki imini.,「他很胖。」,iya mataba.,他很胖。
balan mungazip titay lia.,「貓咬老鼠了。」,Pusi pinsul lausu.,貓咬老鼠了。
mungazip titay liaki balan.,「貓咬老鼠了。」,Kinagat pusi lausu.,貓咬老鼠了。
yaku a balax ka sakaw’en saw lia.,「我的工具被人拿了。」,na-ala gamit-ku ni tau,我的工具被人拿了。
titay ngazip’en ni balan lia.,「老鼠被貓咬了。」,Ka ziq-un ni pusi qniq.,老鼠被貓咬了。
yaku a pai deken’en naki a baba lia.,「我的錢被我的伯父撿了。」,Aka no ama ku kiam ku pising.,我的錢被我的伯父撿了。
salaman maa’en saw lia.,「碗被人拿了。」,na-ala-en uan,碗被人拿了。
maa’en saw liaki salaman.,「碗被人拿了。」,wan na-ala ni tao,碗被人拿了。
hébut’en saw liaki atun.,「Atun 被人打了。」,Na-pahi ci Atun.,Atun 被人打了。
yaku a pai sakaw’en sahat lia.,「我的錢被小偷偷了。」,Kuarta-ku na-ala no xiaotou,我的錢被小偷偷了。
titay ngazip’en ni balan lia.,「老鼠被貓咬了。」,ni-kalit-en no pusi ka tikus.,老鼠被貓咬了。
tuting’en ni aba liaki yaku.,「我被爸爸打了。」,iku mapuxul ni ama.,我被爸爸打了。
yaku mupuza lia.,「我來了。」,yaku mali.,我來了。
yaku kaidini mituku.,「我在這裡坐。」,Aku m-tugaw tu iza.,我在這裡坐。
imini a kato ka mainu.,「這李子是酸的喔。」,Masim lizi ini o.,這李子是酸的喔。
imini a tatoko hateken.,「這支枴杖很短。」,ini bastun mapidiq.,這支枴杖很短。
imini a tulala ka isilaw.,「這朵花是白色的。」,Bunga ini putiq.,這朵花是白色的。
atun mututing yaku.,「Atun 打我。」,insapuk iku ni Atun,Atun 打我。
isiw haaput tulala bo?,「你想要花嗎？」,musa isu bunga?,你想要花嗎？
atun ka kaxabu a saw.,「Atun 是噶哈巫人。」,Atun Kaxabu.,Atun 是噶哈巫人。
atun (ka) mututing yaku.,「Atun 沒有打我。」,Atun iza mpatek aku.,Atun 沒有打我。
laladan nahaza saaken.,「桌子（上）有菜餚。」,i tozi misa kakanen,桌子（上）有菜餚。
binayu nahaza binayu a bauzak.,「山（上）有山豬。」,i quliq mia vavuy.,山（上）有山豬。
umamah nahaza dadas.,「田（裡）有番薯。」,iza kamote i uma.,田（裡）有番薯。
"paka isiw paluzuakzuak’i, nahaza ali akhéhén!",「讓你多子多孫，有孫子、小孩！」,Pasu isu mnarux a anak ta apo!,讓你多子多孫，有孫子、小孩！
yaku iu nahaza pai.,「我也有錢。」,iza maza ada pising.,我也有錢。
nahaza saix haki nisiw a humak.,「你們家有屎。」,hay tae i rumaq ni kamu.,你們家有屎。
umamah kuang a dadas.,「田（裡）沒有番薯。」,Maiza a kumala i uma.,田（裡）沒有番薯。
binayu kuang a bauzak lia.,「山（上）沒有豬了。」,musa vavuy i byaq,山（上）沒有豬了。
yaku nahaza pai.,「我有錢。」,manga cinaw ni aku.,我有錢。
yaku nahaza mama iu iah.,「我有哥哥和姐姐。」,iza kaka=ku a lalaki ani kaka=ku a babai.,我有哥哥和姐姐。
yaku meken lia.,「我吃了。」,minakan yaku,我吃了。
imini a akhéhén mamay ka hinawiak.,「這小女孩很漂亮。」,ini a wawa a vavay masial.,這小女孩很漂亮。
yaku kuang a pai.,「我沒有錢。」,ini iza pising iku,我沒有錢。
yaku a apu kaidi angasat.,「我的祖母在床（上）。」,i cong a apu-ku,我的祖母在床（上）。
dadas kaidi umamah.,「番薯在田（裡）。」,Kumala i uma.,番薯在田（裡）。
saaken kaidi laladan.,「菜在桌（上）。」,kanen i teburu,菜在桌（上）。
yaku a apu kaidi angasat midem.,「我的祖母在床上睡覺。」,Vuvu-ku miturog i katre.,我的祖母在床上睡覺。
yaku a apu midem kaidi angasat.,「我的祖母在床上睡覺。」,Vuvu=ku turu i chuang.,我的祖母在床上睡覺。
angasat nahaza wazu.,「床上有狗。」,Miza asu i babaw ni chuang.,床上有狗。
angasat nahaza wazu kaidisiw midem.,「床上有狗在那邊睡覺。」,I kama ira mitudur a asu.,床上有狗在那邊睡覺。
dadas kuang a kaidi umamah.,「番薯沒有在田（裡）。」,ini kumaq i uma,番薯沒有在田（裡）。
kuang a saaken kaidi laladan.,「沒有菜餚在桌（上）。」,musa kakan i teburu.,沒有菜餚在桌（上）。
mungazip titay liaki balan.,「貓咬老鼠了。」,kinagat pusi tikus,貓咬老鼠了。
titay ngazip’en ni balan lia.,「老鼠被貓咬了。」,laoshu karaten ni pusi.,老鼠被貓咬了。
balan mungazip titay.,「貓咬老鼠。」,Mikagat daga pusi.,貓咬老鼠。
yaku a aitukuan doko’en saw lia.,「我的椅子被人抬走了。」,kadera=ku dinala ni isa a tao,我的椅子被人抬走了。
mungazip yaku haki wazu.,「狗咬我。」,Asu gigit yaku.,狗咬我。
mulawa liaki wazu.,「狗在吠。」,asu ma-auau.,狗在吠。
muasak liaki laladan.,「桌子壞掉了。」,toh mabali,桌子壞掉了。
tuting’en naki liaki wazu.,「狗被我打了。」,palu-en asu ni yaku,狗被我打了。
maa’en liaki salaman.,「碗被拿了。」,Na-ala ka wan.,碗被拿了。
titay ngazip’en ni balan lia.,「老鼠被貓咬了。」,rawki kisen ni ngiau.,老鼠被貓咬了。
tuting’en ni aba lia.,「被爸爸打了。」,nabatek ni ama,被爸爸打了。
mineken liaki yaku.,「我吃完了。」,mangan aku na,我吃完了。
yaku mineken lia.,「我吃完了。」,ni-mangan iku,我吃完了。
matahatan haki yaku.,「我真高興。」,iza mazua-mazua.,我真高興。
nang a musapo daxe haki yaku.,「我討厭掃地。」,iku taoyan saodi.,我討厭掃地。
mahabay ki yaku.,「我很舒服。」,iku mapiya.,我很舒服。
iak a lama ki isiw.,「你真好命。」,isu to'o mapia,你真好命。
tuting’en ni aba liaki yaku.,「我被爸爸打了。」,iza sabaken ni ama,我被爸爸打了。
tuting’en naki liaki wazu.,「狗被我打了。」,pinaluen asu ni iku,狗被我打了。
sinaw’en naki lia.,「被我洗了。」,kabus-en ku,被我洗了。
salaman maa’en naki lia.,「碗被我拿走了。」,Wan na-ala-en ni yaku.,碗被我拿走了。
yami mututing a akhéhén.,「我們打小孩」,ita palu wawa,我們打小孩
yaku mausay mutalek a sumay.,「我要來煮飯。」,yaku ka lutu kanen,我要來煮飯。
yaku meken sumay.,「我吃飯。」,Yaku makan.,我吃飯。
balan mukumuk titay.,「貓抓老鼠。」,Pusi misapuk laoshu.,貓抓老鼠。
yaku a haaput meken a hapus.,「我喜歡吃青苔。」,iku xihuan kan qingtai,我喜歡吃青苔。
yaku a baget lia.,「我胖了。」,Yaku malebu.,我胖了。
yaku a haaput pasezaw daxe.,「我喜歡使地板乾淨。」,iku suka pa-ganjing ka diban.,我喜歡使地板乾淨。
yaku a ini mahabay taating.,「我不太舒服。」,yaku aci mahay,我不太舒服。
hébut’en saw liaki atun.,「Atun 被人打了。」,na-basaq-en ci Atun,Atun 被人打了。
yaku saisiman isiw.,「我很疼你。」,Aku miza isu do.,我很疼你。
isiw saisiman yaku.,「你很疼我。」,isu sadu musa yaku.,你很疼我。
balan mungazip titay.,「貓咬老鼠。」,pusi yao laoshu,貓咬老鼠。
aba mututing akhéhén.,「爸爸打小孩。」,Ama misabat anak.,爸爸打小孩。
yaku a balax ka sakaw’en saw lia.,「我的工具被人偷了。」,Kawiten no tao i alat-ku.,我的工具被人偷了。
salaman maa’en naki lia.,「碗被我拿走了。」,tasa ala-en ku,碗被我拿走了。
yaku a aitukuan doko’en saw lia.,「我的椅子被人抬走了。」,pangka-ku inala ni tau,我的椅子被人抬走了。
binayu a bauzak kumuk’en naki a aba lia.,「山豬被我父親抓到了。」,babuy a qaray na-ala ni ama-ku,山豬被我父親抓到了。
balan mungazip titay.,「貓咬老鼠。」,Pusi mikis tikus.,貓咬老鼠。
aba mututing akhéhén.,「爸爸打小孩。」,Ama palu wawa.,爸爸打小孩。
yaku ka meken sumay.,「我在吃飯。」,yaku makan.,我在吃飯。
imisiw ka mututing wazu.,「他打狗。」,mpalu iya asu.,他打狗。
imisiw ka mututing wazu.,「他打狗。」,iya mpatu asu.,他打狗。
imini a wazu saanu imisiw mututing.,「這隻狗給他打。」,asu ini pisi-en ni iya,這隻狗給他打。
imini a wazu saanu imisiw mututing.,「這隻狗給他打。」,Asu ini paluen ni iya.,這隻狗給他打。
yaku saana hazian a saw maahan lia.,「我被壞人騙了。」,iku na-pian ni tau mara,我被壞人騙了。
yaku a pai ka saana sahas maa dadua lia.,「我的錢被小偷全拿走了。」,Pisin=ku matakaw katan.,我的錢被小偷全拿走了。
yaku maa tulala saanu isiw.,「我拿花給你。」,iku beri bunga ka isu,我拿花給你。
yaku maa seme saanu nuang meken.,「我拿草給牛吃。」,Yaku pakan baka rau.,我拿草給牛吃。
yaku a akhéhén saanu takat mututing.,「我的小孩被老師打。」,Anak-ku tukulen ni laosi.,我的小孩被老師打。
isiw a dalum saana yaku mudok lia.,「你的水被我喝了。」,ininumen ku danum mu,你的水被我喝了。
mulawa liaki wazu.,「狗在吠。」,Asu aw-aw.,狗在吠。
tuting’en ni aba liaki yaku.,「我被爸爸打了。」,yaku palu-en ni ama,我被爸爸打了。
mungazip titay liaki balan.,「貓有咬老鼠了。」,Ngiaw u kagat tikus.,貓有咬老鼠了。
imisiw a saw tangiti lia.,「那個人生氣了。」,ni-mapudaw pusuq na iri a tawu,那個人生氣了。
balan mungazip titay.,「貓咬老鼠。」,Mikagat pusi kingaw.,貓咬老鼠。
yaku ka kaxabu a saw.,「我是噶哈巫人。」,Yaku Kaxabu.,我是噶哈巫人。
imini ka uzay yaku a beleben.,「這不是我的香蕉。」,ini aci pakay=ku.,這不是我的香蕉。
"yaku ka uzay kaxabu, iu uzay utakay. yaku ka tapulu.",「我不是噶哈巫，也不是客家人。我是閩南人。」,"Yaku ca Kaxabu, ma ca Hakka, yaku Minnan.",我不是噶哈巫，也不是客家人。我是閩南人。
yaku uzay meken dadas hann.,「我不是吃蕃薯哦。」,yaku ani mangan kumala,我不是吃蕃薯哦。
yaku uzay mudok inusat. mudok dalum hann.,「我不是喝酒，是喝水哦。」,"yaku ini minum jiu, minum danum a.",我不是喝酒，是喝水哦。
yaku uzay meken dadas hann.,「我不是吃蕃薯哦。」,aku caay kani pansu o.,我不是吃蕃薯哦。
yaku ini meken dadas hann.,「我沒有吃蕃薯哦。」,yaku ini kan kamote o.,我沒有吃蕃薯哦。
ohoni ini mudan.,「今天沒下雨。」,nisen ini m-udan,今天沒下雨。
mudan lia.,「下雨了。」,ma-udan.,下雨了。
yaku ini musinaw kaaw.,「我沒洗腳。」,aku iza m-labus sikiz=ku,我沒洗腳。
apu tahayak.,「祖父很累。」,musa mtaqi vuvu,祖父很累。
apu ini tahayak.,「祖父不累。」,Apu ini masaseg.,祖父不累。
ini paka yaku tahayak.,「（你）沒有讓我累。」,ini isu pa-lei aku,（你）沒有讓我累。
ini mahabay haki yaku.,「我不舒服。」,ini yaku mapiya.,我不舒服。
isiw ka tahayak say?,「你會累嗎？」,mapiya ka isu?,你會累嗎？
ini.,「不會。」,ini.,不會。
pakatahayak!,「讓你累了！／謝謝你！」,"masakal isu, salamat isu!",讓你累了！／謝謝你！
ini.,「不會。」（被感謝／稱讚時回應）,ini.,不會。」（被感謝／稱讚時回應）
ini ini.,「不會、不會。」（被感謝／稱讚時之回應）,"ini, ini.",不會、不會。」（被感謝／稱讚時之回應）
yaku nahaza pai.,「我有錢。」,Ma pising yaku.,我有錢。
yaku kuang a pai.,「我沒有錢。」,Adai sini-ku.,我沒有錢。
kuang a pai saanu medepex haki yami.,「我們沒有錢可以讀書。」,ita ua palisin a misikolan,我們沒有錢可以讀書。
yaku ini meken sumay.,「我沒有吃飯。」,ini yaku kaen,我沒有吃飯。
yaku kuang a pai.,「我沒有錢。」,iku iza pising,我沒有錢。
ana/ausin maida!,「（你）別那麼快！」,aka misakep!,（你）別那麼快！
ana/ausin midem!,「（你）別睡！」,mai miturug!,（你）別睡！
"yaku haaput mukusa binayu iak, iu ana mukusa iak.",「我要去山上好，還是不要去好？」,iku musa i bbuq o iza musa?,我要去山上好，還是不要去好？
maana na.,「請等一下。」,Hulat tusa.,請等一下。
nang a meken haput haki yaku.,「我討厭吃青苔。」,yaku ini sbiyux makan qingtai,我討厭吃青苔。
nang a musapo daxe haki yaku.,「我討厭掃地。」,Aku taoyan saodi.,我討厭掃地。
nang a imini haki yaku.,「我不要這個。」,ini musa aku iza,我不要這個。
nang a mudalum a wazu haki yaku.,「我不要養狗。」,Yaku aco alaga aso.,我不要養狗。
sawan mamek nahaza udan asi kaung.,「今天沒下雨，明天則不知道有雨還是沒有。」,"Niani ini udan, manian ini ka udan ka ini.",今天沒下雨，明天則不知道有雨還是沒有。
sawan ini mubaza nahaza udan asi kaung.,「今天沒下雨。明天不知道有雨還是沒有。」,"Hini qasa ini udan, qasa rana ini matau ni udan o ini.",今天沒下雨。明天不知道有雨還是沒有。
yaku ka meken sumay lia.,「我吃飯了。」,Yaku mangan.,我吃飯了。
yaku mayaw meken sumay.,「我還沒吃飯。」,ini quni yaku musa.,我還沒吃飯。
mayaw.,「還沒。」,ini pa.,還沒。
yaku meken dadas.,「我吃蕃薯。」,iku mangan kamote.,我吃蕃薯。
yaku ini meken dadas.,「我沒有吃蕃薯。」,ini yaku mangan kumala.,我沒有吃蕃薯。
yaku nahaza pai.,「我有錢。」,yaku musa' cin,我有錢。
yaku kuang a pai.,「我沒有錢。」,iza adu pecun,我沒有錢。
idem’i!,「睡！」,tudur!,睡！
ana midem!,「別睡！」,maka turu!,別睡！
imisiw ka nisiw a wazu say?,「那是你的狗嗎？」,Iya asu a isu?,那是你的狗嗎？
isiw ka kaxabu say?,「你是噶哈巫（族）人嗎？」,isu kaxabu ni?,你是噶哈巫（族）人嗎？
isiw musuling dadas say?,「你在烤地瓜嗎？」,isu sunuq kumala?,你在烤地瓜嗎？
isiw ka mututing yaku a wazu say?,「你打我的狗嗎？」,isu mi-palu asu-ku?,你打我的狗嗎？
isiw ka tahayak say?,「你會累嗎？」,isu kapuy ka?,你會累嗎？
isiw ka ini tahayak say?,「你不累嗎？」,ini kelaw isu ka?,你不累嗎？
isiw ka utakay say?,「你是客家人嗎？」,isu kejia?,你是客家人嗎？
hauay.,「是的。」,oo.,是的。
isiw ka mukusa mataw eten say?,「你是去街上嗎？」,Isu masu ta dalan?,你是去街上嗎？
hauay. mukusa mubaiw taating a selem.,「是的。去買一些油。」,"Iya, musa beli you.",是的。去買一些油。
isiw ka nahaza imini bo?,「你有這個嗎？」,ini ni isu?,你有這個嗎？
isiw mausay muzakay bo?,「你要去走路嗎？」,isu mosa malakaw?,你要去走路嗎？
isiw ka kaxabu say?,「你是噶哈巫（族）人嗎？」,isu ka Kaxabu?,你是噶哈巫（族）人嗎？
isiw ka kaxabu say?,「你是噶哈巫（族）人嗎？」,isu Kaxabu ka?,你是噶哈巫（族）人嗎？
imini ka nimu a beleben say?,「這是你們的香蕉嗎？」,Ini kamu a pakay?,這是你們的香蕉嗎？
isiw ka haaput meken dadas iu dukun?,「你要吃番薯還是芋頭？」,Isu mangan kamote o talas?,你要吃番薯還是芋頭？
"yaku haaput mukusa binayu iak, iu ana mukusa iak?",「我去山上好，還是別去好？」,"Iku misaq tu sbaw masep, ka adi misaq masep?",我去山上好，還是別去好？
imini ka kabas iu uzay?,「這是木板還是不是？」,Ini papan ma?,這是木板還是不是？
mudawan iak lia iu mayaw?,「洗好了還是還沒？」,misawsaw la o ini pa?,洗好了還是還沒？
isiw ka haaput tabako iu nang?,「你要斗笠還是不要？」,isu ai douli a mai?,你要斗笠還是不要？
yaku ka tapulu.,「我是閩南人。」,yaku hoklo.,我是閩南人。
ima ki hazian?,「誰不好？」,ima ini mapia?,誰不好？
isiw ka malaleng kaidi tshay?,「你住在哪裡？」,isu i inka?,你住在哪裡？
yaku malaleng kaidi baisia.,「我住在牛眠。」,Iku i Niumian.,我住在牛眠。
isiw ka mausay tshay?,「你要去哪裡？」,isu musa hani?,你要去哪裡？
mausay miadua.,「要去那邊。」,Musa iza.,要去那邊。
isiw ka kaidi tshay mupuza?,「你從哪裡來？」,m-ali isu dima?,你從哪裡來？
yaku ka mataw eten mupuza.,「我從街上來。」,mali ku ni zalan.,我從街上來。
nisiw a halam kaidi thsay mubaiw?,「你在哪裡買菜？」（字面：你的菜在哪裡買？）,i iza isu m-bali tsai?,你在哪裡買菜？」（字面：你的菜在哪裡買？）
kaidi mataw eten.,「在街上。」,i lalan.,在街上。
isiw ka kaidi thsay maukhehan?,「你在哪裡出生？」,Inu isu matubu?,你在哪裡出生？
kaidi sianglukus.,「在守城。」,zai shou cheng,在守城。
imu ka kaidi tshay a saw?,「你們是哪裡的人？」,Kamu tau a iniana?,你們是哪裡的人？
isiw haima akhéhén?,「你有多少小孩？」,pina a wawa-su?,你有多少小孩？
dusa eezaw.,「兩個而已。」,Dusa ini.,兩個而已。
nisiw a xalam haima pai?,「你的菜多少錢？」,Pira’ sinaw na kakanan su?,你的菜多少錢？
nisiw a wazu haima?,「你有幾隻狗？」（字面意義：你的狗多少）,asu su pira?,你有幾隻狗？」（字面意義：你的狗多少）
ini mudalum a wazu.,「沒養狗。」,ini asu.,沒養狗。
isiw a akhéhén haima mataw lia?,「你的小孩多大了？」,Anak su pira a taon?,你的小孩多大了？
mayaw mubaza axaxay.,「還不知道什麼。」,ini pa kenu niani,還不知道什麼。
nisiw a ima ka muaxay?,「你的手怎麼了？」,ima su nanu?,你的手怎麼了？
asikit a ima.,「手痛。」,masakit lima,手痛。
nisiw a sasapo muaxay mubuyak?,「你掃把怎麼做的？」,Nanu isu musa saoba-su?,你掃把怎麼做的？
muaxay haaput mututing yaku a akhéhén?,「（你）為什麼要打我的小孩？」,Mangaiza isu m-bukul anak no aku?,（你）為什麼要打我的小孩？
hazian a mukawas.,「講不聽。」（字面意義：難講）,mzyux quri,講不聽。」（字面意義：難講）
muaxay ka nang a meken sumay?,「為什麼不吃飯？」,Nanu a isu ini mangan?,為什麼不吃飯？
téleket lia. nang a meken sumay.,「飽了。不要吃飯。」,"Busug aku, ini kaen.",飽了。不要吃飯。
muaxay ka nang a mudok dalum?,「為什麼不要喝水？」,Naima aca minum danum?,為什麼不要喝水？
ini makait a haho.,「脖子沒乾。」,Ani tuyu i liog.,脖子沒乾。
muaxay mudan?,「怎麼會下雨？」,Nima'an mi-udan?,怎麼會下雨？
teehen a babaw.,「天空黑。」,Langit maqitem.,天空黑。
isiw ka sasay nang a meken sumay?,「你為什麼不要吃飯？」,Inua kiso ini makaen?,你為什麼不要吃飯？
sasay ka mututing yaku hann?,「為什麼打我呢？」,maiza isu mpalu i yaku?,為什麼打我呢？
sasay’en a musinaw?,「怎麼洗？」,musa misahe?,怎麼洗？
imini a saaken ka sasay’en a mutalek?,「這菜餚怎麼煮？」,Ini kanen manga malutu?,這菜餚怎麼煮？
ini asikit sasay’in a mutapik imini?,「沒有痛怎麼貼這個？」,"ua masakit, pina a tiap ini?",沒有痛怎麼貼這個？
sasay’en lia?,「怎麼辦？」,maanu ta?,怎麼辦？
axay daali haka midem?,「什麼時候你才要睡覺？」,iniha isu turu?,什麼時候你才要睡覺？
axay daali haaput mudawan?,「什麼時候要洗澡？」,Ini'an isu misusu?,什麼時候要洗澡？
axay daali mausay mataw eten mubaiw selem?,「什麼時候要去街上買肉？」,pina a teklun musa tu pasi mali qniq?,什麼時候要去街上買肉？
axay daali haaput meken sumay?,「你什麼時候要吃飯？」,niani isu kaen?,你什麼時候要吃飯？
daalian hann.,「中午呀！」,tengaw a!,中午呀！
isiw ka kuasayan mukusa mukato bekes?,「你什麼時候剪頭髮的？」,Imaan isu mi-kitep futing?,你什麼時候剪頭髮的？
haaput mubaiw humak haki yaku.,「我想要買房子。」,Yaku be bili balay.,我想要買房子。
yaku talima eezaw mupuza mikita atun haé.,「我只有自己來看 Atun。」,musa’ yaku umay mita Atun,我只有自己來看 Atun。
yaku mubaza mukawat kaxabu a ahan.,「我會說噶哈巫的話。」,Yaku musa Kaxabu.,我會說噶哈巫的話。
yaku a ina pahaihan mutalek saaken.,「我的母親忘記煮菜。」,Ina=ku nalimut misaen kanen.,我的母親忘記煮菜。
atun ka mutuku meken sumay.,「Atun 坐著吃飯。」,Atun mitengaw mangan.,Atun 坐著吃飯。
pialay haaput paxuma mulasi.,「開始要種稻子。」,Hanini matanom padi.,開始要種稻子。
yaku mudawan muuput lia.,「我洗完澡了。」,Yaku misusa ini.,我洗完澡了。
yaku haaput mikita isiw.,「我喜歡看你。」,yaku laya mita isu.,我喜歡看你。
yaku a aba ka haaput meken tana haé.,「我的父親喜歡吃刺蔥。」,ama-ku biza kan cicong.,我的父親喜歡吃刺蔥。
haaput mudan lia.,「要下雨了。」,m-udan na,要下雨了。
yaku a apu mudawan iak lia.,「我的祖父洗澡洗好了。」,apu-ku musa na,我的祖父洗澡洗好了。
muuput a mudawan lia.,「洗完澡了。」,misusa ini.,洗完澡了。
yaku mubaza tumala kaxabu a ahan lia.,「我會聽噶哈巫的話了。」,Makarengaw aku vosa Kaxabu kaini.,我會聽噶哈巫的話了。
imini a beleben ka imisiw maa mupuza.,「這香蕉是他拿來的。」,"Ini a xiangjiao, iya midala dini.",這香蕉是他拿來的。
imini ka kaidi kalikus maa mupuza.,「這在大湳拿來的。」,Ini minari qasa Danan.,這在大湳拿來的。
yaku a aba muzakay maida.,「我的父親走得很快。」,ama-ku umay raqis.,我的父親走得很快。
yaku a apu muzakay madiak.,「我的祖父走很慢。」,Apu-ku mi-lalad dada maseda.,我的祖父走很慢。
mituku mades.,「坐很久。」,Mitengil dakal a oras.,坐很久。
yaku a suazi meken ka maida.,「我的弟弟吃很快。」,adi ni yaku kani palipali,我的弟弟吃很快。
yaku meken sumay ka madiak.,「我吃飯很慢。」,iku makan banban.,我吃飯很慢。
yaku mukumuk alaw ka sabang.,「我抓魚很厲害。」,Yaku mapia manikan.,我抓魚很厲害。
yaku a suazi meken ka maida.,「我的弟弟吃很快。」,adi=ku makan qalis-qalis,我的弟弟吃很快。
yaku a aba ka maida a muzakay.,「我的父親走路很快。」,ama-ku musa mari quriq.,我的父親走路很快。
yaku ka sabang a mukumuk alaw.,「我抓魚很厲害。」,yaku misuma mapiapia.,我抓魚很厲害。
yaku a apu madiak a muzaky.,「我的祖父走路走很慢。」,Apu-ku midalan masebeseb to'od.,我的祖父走路走很慢。
yaku haaput maa taating a selem mausay yaku a batan a humak.,「我要拿豬肉去朋友家。」,iza miala babuy i luma’ no pengyou ku,我要拿豬肉去朋友家。
mukusa binayu madu tilikas.,「去山上放陷阱。」,Musa i lusu mabubu.,去山上放陷阱。
atun ka mikita balan ngaangazip titay.,「Atun 看到貓正在咬老鼠。」,Atun mita ka pusi a mangan ka tikus.,Atun 看到貓正在咬老鼠。
yaku padudu atun nita kaxabu a ahan sasay’en a mukawas.,「我問 Atun 咱們噶哈巫的話怎麼說。」,Yaku mangana’ ci Atun mianu ko sasa a Kaxabu ta.,我問 Atun 咱們噶哈巫的話怎麼說。
yaku a aba haaput tumala yaku maatoway.,「我的父親想要聽我唱歌。」,Ama=ku musa ka iku m-kanta.,我的父親想要聽我唱歌。
yaku mikita kunay saasakaw nisaw a bon.,「我看到 Kunay 正在偷別人的南瓜。」,Yaku mita ci Kunay m-dukaw tu kalabas na saday a tamdaw.,我看到 Kunay 正在偷別人的南瓜。
yaku mikita nita kunay hééhébut nita atun.,「我看到咱們的 Kunay 正在打咱們的 atun。」,yaku mita ta Kunay mipalu ta atun,我看到咱們的 Kunay 正在打咱們的 atun。
yaku ka mikita atun mukusa axung maa alaw.,「我看到 Atun 去溪裡抓魚。」,Iza mita Atun misikan i danum.,我看到 Atun 去溪裡抓魚。
yaku tumala atun ka maxatakat lia.,「我聽到 Atun 成為老師了。」,Yaku dangi a Atun ni ma-sinsi,我聽到 Atun 成為老師了。
mikita atun saana kunay muhébut.,「（我）看到 Atun 被 Kunay 打。」,Mita a palu-en ni Kunay si Atun.,（我）看到 Atun 被 Kunay 打。
yaku mubaza sawan nahaza udan.,「我知道明天有雨。」,Yaku qalam a sani ma-udan.,我知道明天有雨。
yaku mamek isiw malaleng kaidi tshay.,「我不知道你住在哪裡。」,Yaku ini m-ita’ inka isu m-uri.,我不知道你住在哪裡。
yaku pahaihan isiw malaleng kaidi tshay.,「我忘記你住在哪裡。」,Iku nalupa ima rumaq isu.,我忘記你住在哪裡。
"yaku a ina mukawas, atun ka haaput maa nisaw a akhéhén mamais.",「我的母親說 Atun 想要娶別人家的女孩。」,Ina-ku sowal a Atun maza q-ala baba'i ni ruma a kisi.,我的母親說 Atun 想要娶別人家的女孩。
"yaku a aba mukawas, sawan ka nahaza udan.",「我的父親說明天有雨。」,Ama-ku sabi a bahi udan.,我的父親說明天有雨。
yaku ka maha isiw usa humak maa siatu.,「我叫你去家裡拿衣服。」,Yaku bazi isu musa rumaq m-ala baju.,我叫你去家裡拿衣服。
"maha yaku liaki yaku a ina, mausay mudawan.",「我的母親叫我去洗澡。」,Ina-ku paqani aku musa mabuso,我的母親叫我去洗澡。
"kiikiliw liaki nisiw a ina, usa mudawan.",「你的母親正在叫你去洗澡。」,ina-su mi-tawal isu musa mi-salu,你的母親正在叫你去洗澡。
yaku padudu nita pungu imini a selem ka haima pai.,「我問老闆這塊豬肉多少錢。」,"Yaku mitanya laoban, pila a pising tu babuy ini.",我問老闆這塊豬肉多少錢。
kaidi xasep a ilas liaka nahaza xaxela.,「在十月的時候有霜。」,i shiyue mi shuang,在十月的時候有霜。
yaku kaidi mataw a malaliw haka nita a takat mupuza kiikita yami.,「我在大地震的時候，咱們的老師來看我們。」,"Yaku hani taidizhen, rausi na kita mali mita kita.",我在大地震的時候，咱們的老師來看我們。
"kaidi maa mamais, yaku a ina iu puihiat lia.",「在娶妻子的時候，我的媽媽又過世了。」,"ini a misawa=ku, ina=ku musa minate.",在娶妻子的時候，我的媽媽又過世了。
"ohoza kaidi tanatunu, hoaho mupuza, mubuyak a daan.",「以前在日本時代的時候，日本人來，做路。」,"Ini Jipun na, taw Jipun musa pakalalan.",以前在日本時代的時候，日本人來，做路。
ini musinaw a ima ka ana meken sumay hann!,「如果沒洗手，別吃飯喔！」,"Ka ni musa lima, mai mangan!",如果沒洗手，別吃飯喔！
yaku ka nahaza dahu a pai ka haaput mubaiw a humak.,「我如果有很多錢，要買房子。」,"Ini piso ku adu, yaku m-beli rumaq.",我如果有很多錢，要買房子。
isiw kuang a pai ka ana mubaiw axaxay saanu yaku.,「你如果沒有錢，不要買東西給我。」,"nu isu ini okane, manga mali tu ku.",你如果沒有錢，不要買東西給我。
"isiw mayaw mudawan, ana midem!",「你如果還沒洗澡，別睡覺！」,"Ini pa isu xizao, ayaw shuijiao!",你如果還沒洗澡，別睡覺！
yaku nahaza pai ka haaput mubaiw humak haki yaku.,「我如果有錢，我要買房子。」,"Nu pisiw ku, ka yaku bali luma.",我如果有錢，我要買房子。
yaku na nahaza daali ka imu mupuza ka maki imu mukawas; yaku na kuang a daali saanu meseket ka ini maki imu mutuku.,「我如果有時間，你們來，跟你們說話；我如果沒有時間可以休息，沒跟你們坐。」（,"noka aku iza sikan, kamu mali, aku sasal ta kamu, noka aku ini iza sikan, aku ini tudu ta kamu",我如果有時間，你們來，跟你們說話；我如果沒有時間可以休息，沒跟你們坐。」（
"isiw ka haaput tabako iu nang? haaput ka baxa isiw, isiw na nang liaka yaku haaput hazing kaidi daan.",「你要斗笠還是不要？要的話給你，你如果不要，我就丟在路上。」,"Isu qani douli o ini, noka qani ka iku bi isu, noka ini ka iku ipi i dalan",你要斗笠還是不要？要的話給你，你如果不要，我就丟在路上。
isiw na maahan yaku ka yaku nang a maki isiw mukawas.,「你如果騙我，我就不要跟你講話。」,"isu pian iku, iku ini mivasa ka isu.",你如果騙我，我就不要跟你講話。
yaku tahayak azawzaw haka yaku nang a mukukusa.,「我很累，所以我不想工作。」,"Yaku m-tqalax, tu yaku ini musa’ rabahu.",我很累，所以我不想工作。
meken dahu liaka baget taating lia.,「（我）吃很多，然後變胖一些了。」,"Mangan aku dakaw, nima-dakel aku kakaay.",（我）吃很多，然後變胖一些了。
yami akhéhén mukusa mutahan pai liaka aba mahabay.,「我們小孩去賺錢了，父親很舒服。」,"Wawa no ita minpiso, ama mapia.",我們小孩去賺錢了，父親很舒服。
"isiw mayaw mudawan, ana midem.",「你還沒洗澡，別睡覺。」,"isu caay pa busbus, caay turog",你還沒洗澡，別睡覺。
"ini mahabay haki yaku, nang a mukusa mukukusa.",「我不舒服，不想去工作。」,"Yaku mhlux, musa’ maya qasa salu.",我不舒服，不想去工作。
hakezeng liaka hazian lia.,「老了不好了。」,mato'o caay mapiya la,老了不好了。
hazian lia ki yaku a punu.,「我的頭腦不好了。」,tounao-ku aca mapia la,我的頭腦不好了。
ohoni mudan liaka yaku nang a mukusa mikita umama.,「現在下雨了，我不想去看田。」,"Kini 'udan, yaku ani musa mita uma.",現在下雨了，我不想去看田。
yaku tahayak azawzaw haka yaku nang a mukukusa.,「我很累所以我不想工作。」,"aku misa malahu, kuani aku ani saka rahan.",我很累所以我不想工作。
mataw a mulaliw liaka mauit liaki humak.,「大地震，房子倒了。」,"Linog dakel, rumaq naroboq.",大地震，房子倒了。
"imini a saw dahu a pai, kulaka ini mahabay a hinis.",「這個人很多錢，但心情不舒服。」,"Iza a tao misa pising, ta pusu’ sakit.",這個人很多錢，但心情不舒服。
"imu haaput tumala Kaxabu a ahan, kulaka Kaxabu a ahan ka sazian a tumala.",「你們想要聽噶哈巫話，但噶哈巫的話不好聽。」,"Kamo biza a dengaw Kaxabu a sowal, ta Kaxabu a sowal ini mauza a dengaw.",你們想要聽噶哈巫話，但噶哈巫的話不好聽。
"kahuy ka ini halupas, patakan ka halupas, kulaka patakan ka taating eezaw, kahuy ka mataw taating.",「樹不長，竹子長，但是竹子一點點而已，而樹大一些。」,"kasiw ini malaqi, kawayan malaqi, nanga kawayan didikidik la, nanga kasiw malaqi sadi.",樹不長，竹子長，但是竹子一點點而已，而樹大一些。
"haaput mubaiw selem kula, ini masu pai.",「想要買豬肉，但是沒帶錢。」,"Qaniq mimeli niyux babuy, ta adi midala kwarta.",想要買豬肉，但是沒帶錢。
"haaput meken sumay kula, yaku a tian ka asikit azawzaw liaka nang a meken lia.",「想要吃飯，但我的肚子很痛，所以不要吃飯了。」,"Yaku maw kuman, ama ku bukun masakit, saka adi kuman.",想要吃飯，但我的肚子很痛，所以不要吃飯了。
"imu ka haaput mupuza yaku a humak mikita yaku, kulaka yaku hazian a buxu.",「你們喜歡來我的家看我，但我身體不好。」,"Imiu ai miza balay=ku ka mita aku, ta aku ini mapiya.",你們喜歡來我的家看我，但我身體不好。
"yaku ka nahaza dusa a akhéhén, imisiw ka tuu a akhéhén.",「我有兩個小孩，他有三個小孩。」,"Aku musa dusa wawa, iya musa turu wawa.",我有兩個小孩，他有三個小孩。
"yaku ka malaleng kaidi sianglukus, imisiw ka malaleng kaidi baisia.",「我住在守城，他住在牛眠。」,"yaku i Shoucheng, ciya i Niumian.",我住在守城，他住在牛眠。
"yaku ka malaleng kaidi sianglukus, iu imisiw ka malaleng kaidi baisia.",「我住在守城，他住在牛眠。」,"Yaku i Shoucheng, iza i Niumian.",我住在守城，他住在牛眠。
"yaku a aba ka haaput meken tana, iu yaku a ina ka haaput meken hapus.",「我的父親喜歡吃刺蔥，而我的母親喜歡吃青苔。」,"ama-ku xihuan kaen cicong, ina-ku xihuan kaen qingtai.",我的父親喜歡吃刺蔥，而我的母親喜歡吃青苔。
"atun a aba ka kizi meken sumay, iu atun ka mituku meken sumay.",「Atun 的父親站著吃飯，而 Atun 坐著吃飯。」,"Ama ni Atun kaen tadek, a Atun kaen tengil.",Atun 的父親站著吃飯，而 Atun 坐著吃飯。
yaku a ina iu puihiat lia.,「我的母親也死了。」,ina-ku pa matei.,我的母親也死了。
yaku mubaza sawan iu nahaza udan.,「我知道明天也有雨。」,iku maita ka hemadaw pa m-udan.,我知道明天也有雨。
atun iu maaisiay kizi meken sumay.,「Atun 也一樣站著吃飯。」,Ima mtekaw mangan i Atun.,Atun 也一樣站著吃飯。
"atun nahaza saanu mukukusa, iu kunay iu nahaza saanu mukukusa.",「Atun 有可以工作，而 Kunay 也有可以工作。」,"Atun makatrabahu, Kunay meti makatrabahu.",Atun 有可以工作，而 Kunay 也有可以工作。
"atun mukusa binayu madu tilikas, iu kunay iu mukusa binayu madu tilikas.",「Atun 去山上放陷阱，而 Kunay 也去山上放陷阱。」,Atun kaini Kunay musa sa san kapang xianjing.,Atun 去山上放陷阱，而 Kunay 也去山上放陷阱。
yaku iu mama mukusa binayu.,「我和哥哥去山上。」,aku ma kaka musa ta san.,我和哥哥去山上。
yaku maki mama mukusa binayu.,「我跟哥哥去山上。」,Yaku ta kaka musa tu quri.,我跟哥哥去山上。
